genome_pos	Pred_label	CNN_pred	WideVariant_pred	CNN_prob	Qual_filter (<30)	Cov_filter (<5)	MAF_filter (>0.85)	Indel_filter (<0.33)	MFAS_filter (1)	MMCP_filter (5)	CPN_filter (4,7)	Fix_filter	Whether_recomb	Fraction_ambigious_samples	Gap_filter	contig_idx	contig_pos	gene_num	gene_num_global	quality	product	protein_id	ontology	locustag	strand	loc1	loc2	nt_pos	aa_pos	codons	AA	anc	nts	muts	type	strain1	strain2	strain3	strain4	sequence	translation
10866	1	1	1	0.99999654	0	0	0	0	0	0	0	0	0	0.000000	0	1	10866	115.0	10.0	102.0	DNA topoisomerase (ATP-hydrolyzing) subunit B	WP_002519782.1	['GO:0006265', 'GO:0003918', 'GO:0009330']	cds-WP_002519782.1	1.0	9514.0	11571.0	1353.0	451.0	AAA AAT AAC AAG 	K N N K 	A	AT	K451N,	N	T	A	A	A	ATGCCCGAGTCCGTGACCGACGGGGACACCCCCGAGGACCTTCTCATTGATGCTACCGATCATCCTGATGGTCTGGACTCAGAGCTTCCCCCGACGGCCGTCGACGGTTCCTACGATGCCGGTCAAATCACCGTCTTAGAAGGCTTGGAGGCCGTTCGTAAGCGTCCCGGCATGTATATCGGCTCTACTGGGGAGCGCGGGTTGCATCACTGCGTCTATGAGATTGTCGATAACTCCGTCGACGAGGCGATGGCCGGTTATTGCGACACCATCCAGGTTGAGTTACTCGACGATAACTGGTGCCAGGTTACCGATAACGGGCGAGGGATTCCCGTCAAGGAGCACCCCGTCGAACACATCCCTACCGTCACTTTGGTACTGACCAAGCTGCACGCCGGCGGTAAGTTCGGCAACGGCGGTTACAAGGTCTCCGGTGGTCTACACGGCGTCGGCTCCTCGGTTGTTAATGCTCTAGCGGCCCACTTCATCGTCGAGGTCCGACGAGACGGCTACCACTGGCGTCAGTCCTTCAGCCTCGGTGAGCCTGACGGTCCGCTGGAGCAGCTTGAGGCACTCGGCCCCGACGATCACGAAGGCACCACGGTGCGTTTCCAGCCCTCCGACGAGATCTTCGATGCCATCGTTTTCGACTACCAAACCTTGTCGAACCGTTTCCGTGAAATGGCCTTCCTCAATAAGGGTCTGCGTATCGTGCTCACCGACCGCCGTGCCGACCACGCTGATGAGGACGGCAACCCGGTTCACGAGGACTTCCTCTATAAGGAGGGGCTTAAGGACTACGTCCGATTCCTCACGGGGACCCGCGACGTCATCAACCCCACCATCATCTCCTTGGAGTCCCACCGTCCCGAGGAGGGTATGGGTTTGGAGATTGCGATGCAGTGGAACACCTCGTACGCCACCAGCGTCCACACTTTCGCCAACGCCATCAACACCATCGAGGGCGGAGCTCACGAGGAAGGCTTCCGTGCCGCTCTCACCAATACCGTTAATCGGTGGGGTGAGACTTGGGGACTCATCAAGAAGCGTGAGGATCGCGTTTCCGGTGACGACATCCGCGAGGGCCTGACAGCCGTCGTCTCCATCAAGCTCACCGAGCCGCAGTTCGAGGGCCAGACAAAGACCAAACTCGGCAACGCCGAGGCCAAATCTTTCGTCCAAAAAGCCCTTAATGAGAAGCTCTCGGACTGGTTCGAGGAGAATCCCAATGAGGGCAAGAGCATCGTCCGAAAGTCACAAGCCGCTGCCCAGGCTCGCGTAGCCGCTCGCAAGGCCCGCGATCTGGCCCGTAACCGGAAAGGCCTGCTGGGGTCGACGTCACTGCCCGGCAAACTCAAGGACTGCTCCTCAACCAGCCCGGAAGAGTGCGAGATCTTCATTGTGGAGGGCGACTCCGCTGGTGGTTCGGCCTCTCAGGGCCGTGATCCACGTATTCAGGCGATCCTGCCGTTGCGAGGAAAGATCCTCAATGTTGAAAAAGCCCGCCTCGACCGCGCGTTGGGTTCGGAAACTATTGAGTCGATCATTAACGCGTTAGGAACCGGCGTCCACGAGGACTTCGATCTGGACAAACTGCGTTACCACAAGATCATCCTCATGGCGGACGCCGACGTTGACGGCGCTCATATCCGCACCCTGCTACTGACCCTGCTGTTCCGGTTCATGCGTCCGGTCATTGACGCTGGCCACGTCTACCTGGCACAGCCCCCGCTGTTCCGACTGCGGTGGACGAACTCCCCGCACGAGCTCGCCTACTCCGACGAAGAGCGCGACCTGCTGCGCGAAGACGGTCTGACCCACGGCAAGAAGCTGCCCCAAGTTAACCCGATCCAGCGGTACAAAGGTCTGGGCGAGATGGACGCCGAAGACCTGTGGGACACCACCATGGACCCCGACAAGCGTCTGCTGCTCCAGGTGACCCTTGAAGACGCCGCGCTGGCCGACCAGATGTTCTCCATCCTCATGGGTGAGGACGTCGAACAGCGCCGATCGTTCATTCAGCGCAATGCCAAGGACGTCCGCTTCCTCGACATCTGA	MPESVTDGDTPEDLLIDATDHPDGLDSELPPTAVDGSYDAGQITVLEGLEAVRKRPGMYIGSTGERGLHHCVYEIVDNSVDEAMAGYCDTIQVELLDDNWCQVTDNGRGIPVKEHPVEHIPTVTLVLTKLHAGGKFGNGGYKVSGGLHGVGSSVVNALAAHFIVEVRRDGYHWRQSFSLGEPDGPLEQLEALGPDDHEGTTVRFQPSDEIFDAIVFDYQTLSNRFREMAFLNKGLRIVLTDRRADHADEDGNPVHEDFLYKEGLKDYVRFLTGTRDVINPTIISLESHRPEEGMGLEIAMQWNTSYATSVHTFANAINTIEGGAHEEGFRAALTNTVNRWGETWGLIKKREDRVSGDDIREGLTAVVSIKLTEPQFEGQTKTKLGNAEAKSFVQKALNEKLSDWFEENPNEGKSIVRKSQAAAQARVAARKARDLARNRKGLLGSTSLPGKLKDCSSTSPEECEIFIVEGDSAGGSASQGRDPRIQAILPLRGKILNVEKARLDRALGSETIESIINALGTGVHEDFDLDKLRYHKIILMADADVDGAHIRTLLLTLLFRFMRPVIDAGHVYLAQPPLFRLRWTNSPHELAYSDEERDLLREDGLTHGKKLPQVNPIQRYKGLGEMDAEDLWDTTMDPDKRLLLQVTLEDAALADQMFSILMGEDVEQRRSFIQRNAKDVRFLDI*
265874	1	1	1	1.0	0	0	0	0	0	0	0	0	0	0.000000	0	1	265874	336.0	239.0	78.0	FtsX-like permease family protein	WP_041446199.1	['GO:0016020']	cds-WP_041446199.1	1.0	265307.0	267946.0	568.0	190.0	ACT TCT CCT GCT 	T S P A 	G	GT	A190S,	N	G	G	T	G	ATGTCAGCCCGGACCACGCCCGAGATGCCGACTAGCGCGGTTCGCCTCTCCGGAGACGCTATTGCCCGAGGACGGCCCCACCGCCGTCTCATCAATCGCCTGGCCGTACGTGACATCGGCAGGCACAAGTTGCGCTCCCTACTTATCGTGATGCTCATAGCGTTACCGGTGGCCATCATGTCCGGATTAGGGGTGCTCCTGCGCTCGGATGGCAGTGTCTCCGGCAGCCAGGCCCTCAATAACTATGGTGACGCCGACATGGTCATCAGCCCGATATCAAATTGGGATGGTCACTGTTCCCAGCAAGGGCCGACTAACACGTACTGTGACGACGGTGCCGAGCCAGATGCGCACCAACGAGCCCAGCAACAGACGGCTCTGGCCAACCTGAGGCTGCCTGGCCACAAGCTGCACCCCTTGAGGACTACCGAGGCTAGCGTTTCCTGGCGGCTTGCCACCTTGTCGGCAACGGTTAAGGCGATGGACCTGACGACTATGCGTCCCTACCGCATGGAGTTCCCGCGTGGCCCCATGCCTACCGGCAATAACATCTGGGTGACCACCGGTGCTGCGAAAGATTATGGCTGGTCGGTGGGGTCCCGAGTAACCGTCAACGGGCACCGGTACACCATCACTGGGGTGGTCCGGGAAGAATGGCCGGGGAATGGTCCAACGTTCTGGGTAGCCCCTCGCAGCCCGTTGGCCCGTGGTGGAGAGCTCACTTATTACGTCAACGGTGCATCGCTCACGAGGCAACAAGTCGAGAAGCTTAATGCGTCCGGGGTGGGCGTCGCCGACCGCCGTGCCGAAGAGAGTGCCAGTCAAGGAGGCACCTTCGAACGGGACATGTTTGCGCTGATACTGGCCGCTGGGGTGCTCTCGGCTATTGTCGTAGCCACTATCGCAGCCGCAGCATTCGCTATTGGCGCTCGTCAACAGCGGCGGATGCTCGCTCTGCTCGGCATTACCGGGGCCGCTCGACGTGACCTCATGGGTGTGATGATTCATCAGGGACTGCTGTTGGGCCTGACGGGGGCCCTCCTCGGGGTGGGCCTCGGCGTGGGTATGGGCAATGGCGCGGTGGCCATTATTCGAATGGTGTACCCCGACTACATCACCTATGGGGTCGATTGGGGATATGCCGCCGTCGGGTCCGTGGTCGGTCTGCTTGCGGCACTGACCGCTTGTTGGTTCCCGGCTCGTGACGTTGCCCGTCAAGACGCCCTCATGGGGGTCAAACATGCCGAATCTGCGGCACGGCCTGCGCGGCGACCAACGTTAGCGATCGTCATCGCGGCGATCGGTCTGCTCGCTGGTGTCGGTGGCGTCATATATGGCCGTCGTGGAACGACCGGCGACGTGATGGTGCGCCTGAATATTGGCATTATCGTCACCATTGTCGTGCTGTACCTGGCCGCTGTGTCTGCCATGCCCTGGTTGGTGGACAAGGTGTCGGGACGCAAATCGTCGCGGTTGCCGATCCGGTTCGCGCTGCGCGATCTTAACCGTAACCGAGGACGGGCGGTACCAGGGGTTGCCGCCTCCATGGCTATCACCGTGCTGGCATGCGCCGCCGTTACTTTTTGCGACAGTCTCGCCATCCAGGACAAGGCCGAATACGTCCCGGAGTTCGGAGACCACATTGGGGTTCTCGCTGGTGAACACGATGACGGGGTCAGGACTTCGGACGATCGTGTTGCCGGGGAGATCAAACGGGTCACTGCGGTTTTCGGGCCGCACGTGAAATATCTACGACCGGAGGAGCCGGTGACGTGCGGTCAGGACGGGAAGTACTGCACTAGCAGTCTCGAAGTCACCCCCAAAGTACCTAACGGAGCGATGTCGTCGACGGTGGCCATCGACGACGGTACTCTGTATGAGCTGCTGACTGGGGAGAAGGCAGACGGCAGGGTGATGAAGGCTCTCGATGATGGAGTCGTCCTGTTCTCGCCCGATGCCACACGGATTTCGCAGGCCATCATCTCTGACCATGACGAACGTCACGGTGCCGGCACCACCGTGCTTCCAGCTATCCATGCTCCCCACCATGCCCTGGGATACGGTGTGCCCAATCTCATCAGCCGTAGAACGGCAGCCAAGGTGCTTGGGGTAAGCCCCGACAACATGAAAACCCAATCCACAACGGTGTGGTTGCGGTTGCCGCATACTCCGACCGCGAAGGAAGGGGACCGTCTGCAACATTCCCTCATGGACGTCACCGGGTCACCCTCGGAGTTCATATGGGAAAAGGGGTACTCGGATATTTCCGGGACCGTGATGCGCTGGTCGGCGGTAGTGGGCACGCTGTTGGCGGTATGCGTGGGCGCCGTGGTATTGGCCTTGACTCTGTCCGACTCGAGGGGGTCGCGCACCGCCATCGCGTCGGTAGGGGCGTCAAAGGCGACCTTGAGACGAATGGTGGCAGCACAGGCCCTCGTGACGACAGGGCTTGGTCAGATCCTTGGCTTTCTCGTGGGGTTCGTGCCGGTTGCCGTTATGACGTGCGTCGGCCCCCGCTGGCCGATGCCAATGCCACTGCCGTGGCTGGCGCTCATCGTGTTCGCCCCGCCGGTGCTGCTGGCTTTAGTGACGATGGTCGCCGTACCAGTGCCGCGACCACGGATGCAGAGAGTGGACTGA	MSARTTPEMPTSAVRLSGDAIARGRPHRRLINRLAVRDIGRHKLRSLLIVMLIALPVAIMSGLGVLLRSDGSVSGSQALNNYGDADMVISPISNWDGHCSQQGPTNTYCDDGAEPDAHQRAQQQTALANLRLPGHKLHPLRTTEASVSWRLATLSATVKAMDLTTMRPYRMEFPRGPMPTGNNIWVTTGAAKDYGWSVGSRVTVNGHRYTITGVVREEWPGNGPTFWVAPRSPLARGGELTYYVNGASLTRQQVEKLNASGVGVADRRAEESASQGGTFERDMFALILAAGVLSAIVVATIAAAAFAIGARQQRRMLALLGITGAARRDLMGVMIHQGLLLGLTGALLGVGLGVGMGNGAVAIIRMVYPDYITYGVDWGYAAVGSVVGLLAALTACWFPARDVARQDALMGVKHAESAARPARRPTLAIVIAAIGLLAGVGGVIYGRRGTTGDVMVRLNIGIIVTIVVLYLAAVSAMPWLVDKVSGRKSSRLPIRFALRDLNRNRGRAVPGVAASMAITVLACAAVTFCDSLAIQDKAEYVPEFGDHIGVLAGEHDDGVRTSDDRVAGEIKRVTAVFGPHVKYLRPEEPVTCGQDGKYCTSSLEVTPKVPNGAMSSTVAIDDGTLYELLTGEKADGRVMKALDDGVVLFSPDATRISQAIISDHDERHGAGTTVLPAIHAPHHALGYGVPNLISRRTAAKVLGVSPDNMKTQSTTVWLRLPHTPTAKEGDRLQHSLMDVTGSPSEFIWEKGYSDISGTVMRWSAVVGTLLAVCVGAVVLALTLSDSRGSRTAIASVGASKATLRRMVAAQALVTTGLGQILGFLVGFVPVAVMTCVGPRWPMPMPLPWLALIVFAPPVLLALVTMVAVPVPRPRMQRVD*
271668	1	1	1	1.0	0	0	0	0	0	0	0	0	0	0.000000	0	1	271668	0.5	242.5	90.0	nan	nan	nan	nan	nan	nan	nan	nan	nan			A	AG	.	P	A	A	A	G
311601	1	1	1	0.9999839	0	0	0	0	0	0	0	0	0	0.000000	0	1	311601	378.0	284.0	100.0	NAD(P)/FAD-dependent oxidoreductase	WP_002517091.1	['GO:0009055', 'GO:0016491']	cds-WP_002517091.1	1.0	311282.0	312631.0	320.0	107.0	AAC ATC ACC AGC 	N I T S 	G	GT	S107I,	N	T	G	G	G	ATGTACGACAGCATCATCATTGGCGCGGGTCTAGCCGGACTCACGGCTGCTGAAGAGCTCGCCTCCGCAGGACACTCGGTGGTGGTCCTGGAGGCCCGAGCCCGGGTAGGCGGCCGCTTAGAAAACGCTGAGTTATCCAACGGACAGGTCGTTGAACTGGGTGGCCAGTGGGTGGGAGAAGGGCATGAGGAACTTCGCTCCCTCCTCTCCTCACAAGGGTTAGAACTGGTTGATTCGACCGACGGCGACGTCGTTGTCAAGGCCAGGGGCAGGGTCTCTCACGTCACAAGTTTGTCCGAGCCGTCCGCTCATTCCCTCAGCCCCTTCGAATTGGCTGACCTCGGCCAGGGCCTGCTGAGGTTCCGTCGTCTGGCCGATCGTGTTGCTAATAACAAGGGCTGGGCGGCGGCTAATGCCACTTGGTTGAACCAGTCGTTGAGCCAATGGACAGCCTCGAATGTTCGTACCGAGGCCGGTCGTGGCTACATCACGAACCTCTTCCGTCAAGCCTTCGGTGTGTCTGCCAATGACACTCCTCTCTTCAACGGTCTGGCTAAGGCCAACGCCGGTGTGGACTTGGAATCCCTCGTCGCCGTCAACGGTGGCCTTAAGCAGCAGCGCGTTAAGGGCGGGGTTGCTCAGGTTACCCGCAACCTCGCTGAGCCTCTCGGTGACGATCTTAAACTCTCCAGCCCGGTCCGATCCGTTCATAGTGACGACGACGGCGTTACCGTCACCACTACTGATGGCACGCAGTATCAGGGACGTAGCGTCATCGTCACCGTGCCGCCGCGGCTACTTAAGGACATGACATTCGAGCCAGCGCTGCCTGCTGAGCGTCTCGAGATGGCCGACAAGGTGCCAGCTGGCAATGTCATCAAGGCCTACCTCGTTTACGACAGCCCATGGTGGCGCACCTCTGGTGCTTCCGGCCAGATGGGTGCTGACGAGGGCGCTGTCCGCGTCATTTTTGATACCTCTGACGACGAGACCGGCAAGGGAATCCTCATGGGCTTCTTCGAGGGCGCCGAGGCTTCCGGCTACGGGAAACTTTCGATCGGTCTGCGTCAACGTGCCTTTGAAGAGGTCGTCGAGTCGGCCTTCGGCAAGGCCCCCAGCTCGCCGATCGAGTACCTTGATCGCGACTGGCTCGCTGAGCCTTACACCGGCGGATGCCACGGAGCCCACTTCGCTCCCAGTTTGTGGACGACTACGGGGCCGATCCTTGCCGAGCCGCTGGGCCGGGTGCTCTTCGCGGGGGCTGAGTACGCCTCTTCTTTCAACGGTTATATGGAGGGCGCACTGCGCGCTGCTGCTCGCGCTGCTCAGGAGGTCCTCGACCTGCTCTGA	MYDSIIIGAGLAGLTAAEELASAGHSVVVLEARARVGGRLENAELSNGQVVELGGQWVGEGHEELRSLLSSQGLELVDSTDGDVVVKARGRVSHVTSLSEPSAHSLSPFELADLGQGLLRFRRLADRVANNKGWAAANATWLNQSLSQWTASNVRTEAGRGYITNLFRQAFGVSANDTPLFNGLAKANAGVDLESLVAVNGGLKQQRVKGGVAQVTRNLAEPLGDDLKLSSPVRSVHSDDDGVTVTTTDGTQYQGRSVIVTVPPRLLKDMTFEPALPAERLEMADKVPAGNVIKAYLVYDSPWWRTSGASGQMGADEGAVRVIFDTSDDETGKGILMGFFEGAEASGYGKLSIGLRQRAFEEVVESAFGKAPSSPIEYLDRDWLAEPYTGGCHGAHFAPSLWTTTGPILAEPLGRVLFAGAEYASSFNGYMEGALRAAARAAQEVLDLL*
353798	1	1	1	0.9999615	0	0	0	0	0	0	0	0	0	0.000000	0	1	353798	423.0	330.0	81.0	glutamate-1-semialdehyde 2,1-aminomutase	WP_015011350.1	['GO:0006779', 'GO:0042286', 'GO:0005737']	cds-WP_015011350.1	-1.0	353414.0	354724.0	927.0	309.0	GCT GCA GCG GCC 	A A A A 	G	CG	.	S	C	G	G	G	ATGACCTCCAACGCCGAACTGTTCTCCGCCGCCCAGGCCGTCATTCCCGGCGGGGTTGATTCCCCGGTGCGGGCTTACGGCTCGGTGGGCGGGGTTCCTCGCTTCATTGAGAAGGCCCAAGGCCCGTGGATCTGGGACGCCGAGGGCACGCGCTACGTCGATCTGGTGTGCACCTGGGGTCCGGCTTTGCTTGGGCACGCCCGTCCCGAGGTCGTCTCTGCGGTTCAGGTGGCCGCGTCGAAAGGGCTGTCCTTTGGCGCCCCGACCCGCACCGAAACCGAACTAGCGGATGCCATCATCGAGCGGATGGCTCCGGTCGAGAAGGTGCGTTTCGTCTCAACAGGCACTGAGGCGACAATGACTGCGGTCCGTTTAGCCCGTGGCGCCACTGGGCGTGACGTCATCGTCAAGTTTGCCGGTAACTACCACGGCCATTCTGACGTCCTGCTCGCCGCCGCCGGTTCCGGCGTGGCGACGGCTGGCCTGCCCGGTTCGGCCGGTGTGCCAGCCGCCTCGACGGCCGACACTATTGTGGTGGATTACAACGACGTCGCCGCCCTCGACGCGGTGTTCTCCGAGCGTGGCGACCAGATTGCTGCAGTGATCGTGGAGTCCTGCCCGGCCAATATGGGAGTTGTTCCCCCCGAACCCGGCTTCAATGCCGCGATTCGTCGCCTCACAACCGAGCACGGTGCCCTCATGATCACCGACGAAGTACTCACCGGATTCCGGTGCAGCCCGTCGGGATTCTGGGGTTTGCAACAGCAGGCCGGCGAGGACTTCGCTCCCGATATTTTCACGTTCGGCAAGGTCGTCGGCGGTGGTATGCCGCTGGCTGCCCTAGGTGGGCGCGCCGAGGTCATGGATTTGCTGGCTCCTACCGGCCCCGTCTACCAGGCCGGCACTTTGTCCGGTAACCCGCTGGCCACCGTCGCGGGTGTCAAAACCCTGCAGCTGGCCGACGCCGGGGTGTACCAGCGCCTCGATGCGCGCTCTGAGAAATGGCGCAGTGAGCTCGTATCCGCGCTTGACGCAGCCGGCGTCACGTACCGCCTGCAGAACGCCGGAAATCTCTTCAGCGTATTCCTCGGCGTCGACTCTCCGGTGCGCAATTACGACAACGCCAAGCCTCAGAATGCCGAGGCTTACACCGCGTTCTTCCACGCGATGCTAGATGCCGGGGTCAACCTGCCGCCATCGTGCTTTGAGGCCTGGTTCCTCTCCGACGCTCACGACGACGAAGCTTTCGAGGTTTTCCGCGCCGCCCTGCCGAAGGCTGCCCAGGCGGCTTCCCAGGTGATCAGTGCCTGA	MTSNAELFSAAQAVIPGGVDSPVRAYGSVGGVPRFIEKAQGPWIWDAEGTRYVDLVCTWGPALLGHARPEVVSAVQVAASKGLSFGAPTRTETELADAIIERMAPVEKVRFVSTGTEATMTAVRLARGATGRDVIVKFAGNYHGHSDVLLAAAGSGVATAGLPGSAGVPAASTADTIVVDYNDVAALDAVFSERGDQIAAVIVESCPANMGVVPPEPGFNAAIRRLTTEHGALMITDEVLTGFRCSPSGFWGLQQQAGEDFAPDIFTFGKVVGGGMPLAALGGRAEVMDLLAPTGPVYQAGTLSGNPLATVAGVKTLQLADAGVYQRLDARSEKWRSELVSALDAAGVTYRLQNAGNLFSVFLGVDSPVRNYDNAKPQNAEAYTAFFHAMLDAGVNLPPSCFEAWFLSDAHDDEAFEVFRAALPKAAQAASQVISA*
354183	1	1	1	1.0	0	0	0	0	0	0	0	0	0	0.000000	0	1	354183	423.0	330.0	78.0	glutamate-1-semialdehyde 2,1-aminomutase	WP_015011350.1	['GO:0006779', 'GO:0042286', 'GO:0005737']	cds-WP_015011350.1	-1.0	353414.0	354724.0	542.0	181.0	TTC TAC TGC TCC 	F Y C S 	T	CT	Y181C,	N	T	T	T	C	ATGACCTCCAACGCCGAACTGTTCTCCGCCGCCCAGGCCGTCATTCCCGGCGGGGTTGATTCCCCGGTGCGGGCTTACGGCTCGGTGGGCGGGGTTCCTCGCTTCATTGAGAAGGCCCAAGGCCCGTGGATCTGGGACGCCGAGGGCACGCGCTACGTCGATCTGGTGTGCACCTGGGGTCCGGCTTTGCTTGGGCACGCCCGTCCCGAGGTCGTCTCTGCGGTTCAGGTGGCCGCGTCGAAAGGGCTGTCCTTTGGCGCCCCGACCCGCACCGAAACCGAACTAGCGGATGCCATCATCGAGCGGATGGCTCCGGTCGAGAAGGTGCGTTTCGTCTCAACAGGCACTGAGGCGACAATGACTGCGGTCCGTTTAGCCCGTGGCGCCACTGGGCGTGACGTCATCGTCAAGTTTGCCGGTAACTACCACGGCCATTCTGACGTCCTGCTCGCCGCCGCCGGTTCCGGCGTGGCGACGGCTGGCCTGCCCGGTTCGGCCGGTGTGCCAGCCGCCTCGACGGCCGACACTATTGTGGTGGATTACAACGACGTCGCCGCCCTCGACGCGGTGTTCTCCGAGCGTGGCGACCAGATTGCTGCAGTGATCGTGGAGTCCTGCCCGGCCAATATGGGAGTTGTTCCCCCCGAACCCGGCTTCAATGCCGCGATTCGTCGCCTCACAACCGAGCACGGTGCCCTCATGATCACCGACGAAGTACTCACCGGATTCCGGTGCAGCCCGTCGGGATTCTGGGGTTTGCAACAGCAGGCCGGCGAGGACTTCGCTCCCGATATTTTCACGTTCGGCAAGGTCGTCGGCGGTGGTATGCCGCTGGCTGCCCTAGGTGGGCGCGCCGAGGTCATGGATTTGCTGGCTCCTACCGGCCCCGTCTACCAGGCCGGCACTTTGTCCGGTAACCCGCTGGCCACCGTCGCGGGTGTCAAAACCCTGCAGCTGGCCGACGCCGGGGTGTACCAGCGCCTCGATGCGCGCTCTGAGAAATGGCGCAGTGAGCTCGTATCCGCGCTTGACGCAGCCGGCGTCACGTACCGCCTGCAGAACGCCGGAAATCTCTTCAGCGTATTCCTCGGCGTCGACTCTCCGGTGCGCAATTACGACAACGCCAAGCCTCAGAATGCCGAGGCTTACACCGCGTTCTTCCACGCGATGCTAGATGCCGGGGTCAACCTGCCGCCATCGTGCTTTGAGGCCTGGTTCCTCTCCGACGCTCACGACGACGAAGCTTTCGAGGTTTTCCGCGCCGCCCTGCCGAAGGCTGCCCAGGCGGCTTCCCAGGTGATCAGTGCCTGA	MTSNAELFSAAQAVIPGGVDSPVRAYGSVGGVPRFIEKAQGPWIWDAEGTRYVDLVCTWGPALLGHARPEVVSAVQVAASKGLSFGAPTRTETELADAIIERMAPVEKVRFVSTGTEATMTAVRLARGATGRDVIVKFAGNYHGHSDVLLAAAGSGVATAGLPGSAGVPAASTADTIVVDYNDVAALDAVFSERGDQIAAVIVESCPANMGVVPPEPGFNAAIRRLTTEHGALMITDEVLTGFRCSPSGFWGLQQQAGEDFAPDIFTFGKVVGGGMPLAALGGRAEVMDLLAPTGPVYQAGTLSGNPLATVAGVKTLQLADAGVYQRLDARSEKWRSELVSALDAAGVTYRLQNAGNLFSVFLGVDSPVRNYDNAKPQNAEAYTAFFHAMLDAGVNLPPSCFEAWFLSDAHDDEAFEVFRAALPKAAQAASQVISA*
372419	1	1	1	1.0	0	0	0	0	0	0	0	0	0	0.000000	0	1	372419	439.0	346.0	87.0	aspartate-semialdehyde dehydrogenase	WP_041446201.1	['GO:0008652', 'GO:0004073', 'GO:0016620', 'GO:0051287']	cds-WP_041446201.1	1.0	372222.0	373265.0	198.0	66.0	GAA GAT GAC GAG 	E D D E 	C	CG	D66E,	N	C	G	C	C	ATGGGGATCATGAAGCTTGGAGTCTTCGGAGCCACTGGACAGGTTGGCCGGGTGATGCGCACCCTGCTAGCCGAGCGTCATTTTCCCGCCGATGAAGTGCGGTTCTTCGCTTCCGCCCGTTCGGCTGGTCAGAAGTTGTCGTGGAATAACGGTTCGGGTGACAGCGAAGTCGTCGTTGAGGACACCGCGACGGCTGACTTTGCTGGACTTGATATTGCGATCTTTTCTGCGGGTGGCGGAACCTCCCGCGAGTTTGCCCCTCGCGTGGCGGCTGCCGGGGCTGTCGTTATCGACAACTCCTCCGCCTGGCGACGCGATCCTGACGTCCCGCTGGTTGTCAGCGAGGTCAATCCCGAAGATGTCGCTAAGCGTCCCAAAGGGATCATTGCTAACCCCAACTGCACGACGATGGTCGCAATGCCGGTGCTCAAACCGCTACATGACGCTGCCGGTCTGACTCGCCTTGTCGTCGCTACGTACCAGGCTGTTTCGGGGTCTGGGGTGGCCGGAGTACGAGCCCTCACCGACCAAACCACGGCTATTGACGATCCGGCAGGCCTGGCGCTGGACGGCCGTGGTGTGCCGGTGGCGGACCTTGGGCCTTACGTCGCACCGATCGCGTTCAACGCTCTTCCGGTGGCGGGAAACTTTGTTGACGATGGCAGCGGCGAGACTGACGAGGAACAGAAACTTCGCAATGAGTCTCGCAAGATCCTTCATATTCCTGATTTGCTGGTTGCGGGGACCTGCGTGCGGATTCCGGTGTATAGCGGTCATGGGCTTGTCGTCCATGCTGAGTTCCGTGAGAGCCTCAGCCCTGAGAAGGCCACTGAGCTATTGACGCAGGCACCTGGAGTCAGGGTCGTCGACGTCCCGGATCCCCGGTCGGCAGCCGGAATTGACCCCTCGTTGGTTGGTCGTATTCGTGCTGACCAGTCCGCACCGGCTGGCAAAGGTCTGGTGTTCTTCTGCGCTGCGGACAATTTGCGCAAGGGCGCGGCCCTCAACGCGGTGCAGCTCGCTGAGCTGGTGGCTGCCGAATGA	MGIMKLGVFGATGQVGRVMRTLLAERHFPADEVRFFASARSAGQKLSWNNGSGDSEVVVEDTATADFAGLDIAIFSAGGGTSREFAPRVAAAGAVVIDNSSAWRRDPDVPLVVSEVNPEDVAKRPKGIIANPNCTTMVAMPVLKPLHDAAGLTRLVVATYQAVSGSGVAGVRALTDQTTAIDDPAGLALDGRGVPVADLGPYVAPIAFNALPVAGNFVDDGSGETDEEQKLRNESRKILHIPDLLVAGTCVRIPVYSGHGLVVHAEFRESLSPEKATELLTQAPGVRVVDVPDPRSAAGIDPSLVGRIRADQSAPAGKGLVFFCAADNLRKGAALNAVQLAELVAAE*
383947	1	1	1	0.99999475	0	0	0	0	0	0	0	0	0	0.000000	0	1	383947	451.0	358.0	102.0	hypothetical protein	WP_338141079.1	.	cds-WP_338141079.1	-1.0	383505.0	384575.0	629.0	210.0	ATA AAA AGA ACA 	I K R T 	A	AG	I210T,	N	G	A	A	A	ATGAGCACCAGCAACCAAAGCACAACAGAATCCAAAGACGCTCAAGCAATAAAAACAGAAATATTCGATCTATACAGTGACATCACCAAGCCAAAATCACCCCATAGAACAGGCAGGCCGGGTAAAAATGTCGCCGAACAAGCAGTAGCATTGGGGGGAGTAGCCGTAAAATACAACAAAAGTATTTTTGATGTGTGCGAGATGCTACACGAAAAGAAAATAGAACAAAGAACGATAGAGCGACAGAACTATAATCTTTTTAATAGATTTCGTCTCCAAATAGGAGGCCTCTGCGATAGATTTAACTCATATTACTACAATAGAGCCAAGACAGTAGATCAAAAGATATTCTACGATATATGTTCAACCTACAAGCAAAACGCCAGGCCAACAACAAGCGTCACCGAGCTCCGCTCATGCCTGTGCGACACCGGAGCTAGATGCGATGCCACCCCGCATGCCGTCTGGGCAGCAGCGGAACAATACATGTCACACAGCCTCGGAGCCGTAAAAAATAGCCTCGACTACGCAAAGCCAAACTACCGAGCCCTACTTCTACTTTCAGCAACCTTTTTCGTCATCTTGTTAATCTTCAGCCTGCCAAACGCCACAACATCCCTATCACCTATAGAAATCGCGGCATTCATTATTTCCGCTGTACTATTTTCCGTGGTCTTAGCTATAATGTTTCTCCCAGTGACAGCCCGATGGACTGGAATATACAAGATGTCAACCAGAATCCTTGATTTTCTGTTTTCAGTACTTCTATTCCTGCTGTCATTTCAGTTTGGATCCTCAAAAATGACATCAGCATCGACACCATATTTGATCATAGATATCTGGCTCATTACCCCCACTTTTATTATGTGTCTTATCGCGCACAATAGGACCAACGAAGTCGTCTCCCAGCAAAATCATATCCGTGATCTGCAAGATCAGCTTCAGACGTTGAGAATGTCGGAGCCGCAACAAATAGTAGAGCCAGACACAGTTGGACATGCCCCGAAGGAATCGTCCCGCCCCCGACTCCTGGGAATGGTCAGTAATCCATTTCAACGTCCACGTTTCTAA	MSTSNQSTTESKDAQAIKTEIFDLYSDITKPKSPHRTGRPGKNVAEQAVALGGVAVKYNKSIFDVCEMLHEKKIEQRTIERQNYNLFNRFRLQIGGLCDRFNSYYYNRAKTVDQKIFYDICSTYKQNARPTTSVTELRSCLCDTGARCDATPHAVWAAAEQYMSHSLGAVKNSLDYAKPNYRALLLLSATFFVILLIFSLPNATTSLSPIEIAAFIISAVLFSVVLAIMFLPVTARWTGIYKMSTRILDFLFSVLLFLLSFQFGSSKMTSASTPYLIIDIWLITPTFIMCLIAHNRTNEVVSQQNHIRDLQDQLQTLRMSEPQQIVEPDTVGHAPKESSRPRLLGMVSNPFQRPRF*
394271	1	1	1	1.0	0	0	0	0	0	0	0	0	0	0.000000	0	1	394271	464.0	372.0	90.0	phosphate ABC transporter substrate-binding protein PstS	WP_002517294.1	['GO:0015415', 'GO:0042301', 'GO:0009897', 'GO:0030288', 'GO:0055052']	cds-WP_002517294.1	-1.0	394110.0	395261.0	991.0	331.0	TGT AGT GGT CGT 	C S G R 	A	AC	C331G,	N	A	A	A	C	GTGAATCGTTTCGCCAAAATCACTGCCCTGGCTGCTATCAGCGCCATCTCCCTCACCGCTTGTGGTGCCAATGGTGACAAGGGTTCCAGTTCTGCCTCGTCCTCCAAGACCACCTCGACTGCCAGCTCCGCCGCCCAGCCCAGCGATTCCTCGGCTGACGCTGTCTCGTTCAAGCCCGCCTGCCCTGGTGGCAGCATCTCCGGTGCTGGTTCCTCGGCTCAGCTGAACGCCATCAACCAAGTTATTTCCGACTACAAGGCTGCCTGTTCCTCAGCAACCGTCAACTACTCCCCCACCGGCTCCGGCGCTGGCGTGAAGTCCTTCATCGGTAGGCAAACCGACTGGGCCGGTTCTGACTCCGTCCTCAACGCTGACAAGGGGGAGCCTGATAAGGCCAAGCAGCGCTGCAACGCCGACCCATGGCACCTCCCGATGGCTGCTGGCCCGATTGCCGTGGTCTACAACGTCGACGGCGTCAAAGATCTAACCCTCTCCACCGCGACCCTCGCCAAGATTTTCTCCGGCGCCATCACAAACTGGAACGACGACGCCATCAAGAAGGAGAACCCGAAAGCCGCGTTGCCGTCGGCCCAGATCGAGGTGTTTTACCGCAAGGACGAGTCGGGCACCACCGACAACTTCACCAAGTTCCTCAACAAGGCGGCCGGTGACATCTGGACTGAGAAGCACTCCAAGACATGGAAAGGTGCGGGCAAGGGCGCCGATAAGTCGGCCGGCATCGCCCAGGCTGTCAAGAGCACCAAGAACTCGATCTCGTACGACGAGTGGTCCTACGCTACAAAGAACAGCCTCGACATGGCCGCCATCGATAACGGAAACGGTCCGGTCAAGCTGACCGGTGAGTCTGCCGGTAAGGCCGTCTCGGCCGCTAAGGTCGTCGGACAGGGCCATGACCTGCAGCTCGAGCTCCAGTACAAGAACACCCCGGCGGGCGTGTATCCGGCCGTTCTCGTAACCTACGAGATCGCTTGTTCCAAGGGCCAGGACTCCGGCAAGGCCGCGCTCTTGAAGGACTTCCTGTCCTTCTACGCTTCTGAGAGGGAGCAGAAGAAGATCCAGGACCTTGGTTACGCTCCGCTACCCTCCGACGTTGCTTCGAAGGTTCTGGGTTCCGCCCAGGCCCTCTCCTGA	VNRFAKITALAAISAISLTACGANGDKGSSSASSSKTTSTASSAAQPSDSSADAVSFKPACPGGSISGAGSSAQLNAINQVISDYKAACSSATVNYSPTGSGAGVKSFIGRQTDWAGSDSVLNADKGEPDKAKQRCNADPWHLPMAAGPIAVVYNVDGVKDLTLSTATLAKIFSGAITNWNDDAIKKENPKAALPSAQIEVFYRKDESGTTDNFTKFLNKAAGDIWTEKHSKTWKGAGKGADKSAGIAQAVKSTKNSISYDEWSYATKNSLDMAAIDNGNGPVKLTGESAGKAVSAAKVVGQGHDLQLELQYKNTPAGVYPAVLVTYEIACSKGQDSGKAALLKDFLSFYASEREQKKIQDLGYAPLPSDVASKVLGSAQALS*
491580	1	1	1	1.0	0	0	0	0	0	0	0	0	0	0.000000	0	1	491580	0.5	478.5	90.0	nan	nan	nan	nan	nan	nan	nan	nan	nan			A	AT	.	P	A	A	T	A
559568	1	1	1	1.0	0	0	0	0	0	0	0	0	0	0.000000	0	1	559568	633.0	553.0	102.0	nitrate reductase subunit alpha	WP_015011400.1	['GO:0009061', 'GO:0008940', 'GO:0009325']	cds-WP_015011400.1	-1.0	557685.0	561422.0	1855.0	619.0	TCT ACT GCT CCT 	S T A P 	T	GT	T619P,	N	T	G	T	T	ATGACGGAGTACGACGAAACATCTGACGCCGAGTCCCCCAGCGGCTCAGCCCTGCTGAAAATGGGGACGTGGCTACGCCGCGGTACGACGTCGCCCGACACACGCCAGCTATTTCTGGAGGGCGGACGCGACGCCGACGTCTTCTACCGCAAGTGTTGGTCCCATGACAAGGTCGTGCGCTCCACCCACGGAGTGAACTGCACCGGCTCGTGCTCATGGAAGATCTACGTCAAGGAAGGGATCATCACCTGGGAGTCCCAGCAGACTGACTACCCCTCCACCGGCCCGGACATGCCCGACTACGAGCCGCGAGGATGCCCGCGTGGCGCGTCATTCAGCTGGTACGAGTACTCCCCCACACGAATACGTCACCCCTATGTGCGCTCAGTCCTGCTTGACGCGTGGCGAGACAAACTCGCCGAATTCGGCGATCCAGTGGACGCTTGGGCATCCATCACCAACGACCCAGAGCTCTCCCAGGCATACAAGTGCGCCCGCGGGCACGGAGGCATGGTGCGTGTCTCATGGGAGGAAGCCACCCAGATCATCGCGGCAGCCTACGTGCACACCATCAAGGCCTACGGTCCCGACCGCATCGCCGGGTTCTCTGTCATCCCGGCCATGTCAATGGTGTCCTACGGAGCCGGCTCCCGGTTCACTGAACTACTCGGTGGCACTATGTTGAGCTTCTACGACTGGTATGCCGATCTTCCCCCAGCCAGCCCTCAGGTATTCGGCGACCAAACCGACGTGCCAGAGGCCGGTGACTGGTTCAACTCCCAATACCTCATCATGTGGGGATCCAACGTCCCCGTGACACGTACCCCAGACGCGCACTTCATGACCGAGGCGCGCTACCACGGCCAGAAGGTCGTCGTCGTGAGCCCGGATTATGCCGACAACACGAAGTTCGCCGACGAATGGCTGCGCGTCGCTTCGGGAACCGACGGAGCTCTTGCCATGGCCATGGGTCATGTCATCCTCTCGGAATTCCATGTCACACGTCGCGAACCAATGTTCCTTGACTACATGCGTCGCTACACCGACTCTCCCTTCCTCGTCGAACTAGACCGTTTCGACCGCCCACAGGCCGACGGCGCGGCATATGTACCCGGAAAGTTTCTCACCGCCGACAAGGTCAATCTCCAGACGCGCCCGGATCACCCCGAGTTCCGTCCCCTGGTGATGGAGGCTGACGGGTCGCTTAAGGATCCCGGTGGAACCTTGGCCGATCGATTCTCCGAGTCGGGCGTCGGACACTGGAATCTTGATCTCGATGGCGTCAACCCCGTCATGAGCATGATGGACGTCAATTCCTGGGAAGCCGTAGAGATCGCCCTGCCCCGCTTCGACCTGCCCTCCAGCCCGGACCAGACGAGCCTAGGTGCCGGCATCGTGCACCGCGGAGTACCAGCCCGTCGCATCGGTGACCGGCTAGTCACCACAGTCTACGACCTCCTGCTTGCCCAATACGCCGTTAGCCGTGAAGGTCTGCCCGGCCAATGGCCTAGCGGTTACGACGATCCCACGGTGCCGGGCACTCCCGCCTGGCAGGCCGAGCTCACCGGCGTGCCAGCAGCTGCAGCCGAACGCATCGGTCGCGAGTTCGCGCTGAACTCGCTGGAGACCGGTGGACGGTCCATGATCGTTATGGGAGCAGGGGTCAACCACTTCTACCATGCCGACGAGATCTACCGGACATTCCTGGCATTGACGAACATGTGTGCTACCCAGGGCGTCAACGGTGGCGGATGGGCCCACTATGTCGGCCAGGAGAAGGTGCGCCCGTTCACTGGCTGGGCCAACTACTCGTTCGCGCTGGACTGGGCACGTCCGGCACGTCAAATGATCGCTACTGCCTGGTACTACCTCACCACCGACCAGTGGCGTTATGACGGTGCCCGTGCCGAGAGCATAGCTTCCCCCCTGGGCAGCGGCTCGTTCGCCGGCCGAACCACTGCAGACTGCATGGTGTACTCGGCCCGCCGCGGATGGACGCCGAGCTACCCGACCTTCACCCGCAACCCGCTAGATCTTGCCGACGAGGCCGCCGCTGCCGGGATGGAACCAGCCGAGTACATCGCCCAGAAACTGACTGACGGTTCCTTGGGCTTCGCCTGCGAAGACCCCGACGCCACCCAAAACTATCCACGACTGCTGGCCAACTGGCGCACCAACCTGCTGGGCTCCAGTGCCAAAGGCACCGAGTTCTTCATGAAGCACATGCTTGGCTGCGAGAATGACGTCAACGCCACCGAGCTAACTGAGGGCAAGCGTCCTACCGACATCCGTTGGCGCGACGACACCCCTCCCGGCAAACTCGACCTCATGTGGACCGCGGATTTCCGCAACACGTCCACCACACTGCATTCGGACGTCGTCCTGCCAGCCGCGACATGGTATGAAAAACACGACTTGTCGAGCACCGACATGCATCCCTACGTTCATTCCTTCAACCCGGCTGTGGATCCACCATGGGAGGCACGTACCGACTTTGAGGTGTTCCGGACCTTGGCATATTCCGTCTCCCAGATGGCCGTAAAACATCTGGGGACCCGCACCGACATCGTCGCCGCACCGTTGATGCACGACACCCCCGACGAAATGACGACGCCCGCCGGTTCCGTCAGCCGTGAGCAAGAAGCCTGGATACCCGGAGTGACGATGCCAAAGCTTGTCACCGTGGAGCGTGATTACACCCAAATCGGCGCGAAGTTCGACACCCTCGGTCCACTCACCGAAAGCCTCGGCATGGTGACTAAGGGGGTGCCGTTCCATCCTGATCCGGAAGTCGCCGACCTAGCACAACGCCACGGCGTCGCCACTTCTGGCCCTGGTGCAGGGCGCCCGCTCCTCGACACCGCGATCAAAGCTTGCGACACAATTTTGGCCACCTCGGGTACCACCAACGGCCGCCTAGCCACTGCCGGATTTGAACAATTAGAAGCCCGCACAGGTACGAAGCTGACCGACCTATCGGTGGGGTCACAGGATCGCAGAGTGACATTCACCGACACGGTCATTCAGCCTCAACCCGTCATCACCTCACCCGAGTGGTCGGGTTCGGAGCATGGGGGGCGTCGCTACTCAGCCTTCGTCATTAACATGGAGCGGCACAAGCCGTGGCATACCCTCACCGGACGAATGCACTATTACTTGGATCACGACTGGATGCGTGACATGGGTGAGAGCCTTCCAATCTTCCGCCCTCCACTCGACGTCGCACATATCTACGATGAGCCACCTGCCGGATACACAGGCACTGATGCCGATGGCGCGGCAGTCGTATCGGTGCGGTACATGACCCCACACAACAAGTGGGGCATCCACTCGCAGTACTACGACAACTTGCACATGCTCACGCTGGCCCGAGGAGGCCAGACGATCTGGATGTCTCCCGCCGACGCCGCGAAGATCGGGGTGTCCGACAACGACTGGGTGGAGGCGTACAACCGCAACGGCACGGTTGACGCCCGGGCCATCGTCAGTCATCGGATCCCGGAAGGGACGGTGTTCATGTACCACGGCCAGGAACGCACTGTGAACACCCCGCTGACCGAACGTTCAGGAAAGCGTGGCGGCACCCACAATTCCCTGACTCGTATCTTGCTGAAACCCAGCCATTTCATCGGCGGATACGCCCAGCTCAGTTACGCCTTCAACTACTACGGCCCCACCGGCAACCAACGTGACGAAGTGACGCTCATTAGGCGTCGCGGCCAGGAGGTGACGTTCTGA	MTEYDETSDAESPSGSALLKMGTWLRRGTTSPDTRQLFLEGGRDADVFYRKCWSHDKVVRSTHGVNCTGSCSWKIYVKEGIITWESQQTDYPSTGPDMPDYEPRGCPRGASFSWYEYSPTRIRHPYVRSVLLDAWRDKLAEFGDPVDAWASITNDPELSQAYKCARGHGGMVRVSWEEATQIIAAAYVHTIKAYGPDRIAGFSVIPAMSMVSYGAGSRFTELLGGTMLSFYDWYADLPPASPQVFGDQTDVPEAGDWFNSQYLIMWGSNVPVTRTPDAHFMTEARYHGQKVVVVSPDYADNTKFADEWLRVASGTDGALAMAMGHVILSEFHVTRREPMFLDYMRRYTDSPFLVELDRFDRPQADGAAYVPGKFLTADKVNLQTRPDHPEFRPLVMEADGSLKDPGGTLADRFSESGVGHWNLDLDGVNPVMSMMDVNSWEAVEIALPRFDLPSSPDQTSLGAGIVHRGVPARRIGDRLVTTVYDLLLAQYAVSREGLPGQWPSGYDDPTVPGTPAWQAELTGVPAAAAERIGREFALNSLETGGRSMIVMGAGVNHFYHADEIYRTFLALTNMCATQGVNGGGWAHYVGQEKVRPFTGWANYSFALDWARPARQMIATAWYYLTTDQWRYDGARAESIASPLGSGSFAGRTTADCMVYSARRGWTPSYPTFTRNPLDLADEAAAAGMEPAEYIAQKLTDGSLGFACEDPDATQNYPRLLANWRTNLLGSSAKGTEFFMKHMLGCENDVNATELTEGKRPTDIRWRDDTPPGKLDLMWTADFRNTSTTLHSDVVLPAATWYEKHDLSSTDMHPYVHSFNPAVDPPWEARTDFEVFRTLAYSVSQMAVKHLGTRTDIVAAPLMHDTPDEMTTPAGSVSREQEAWIPGVTMPKLVTVERDYTQIGAKFDTLGPLTESLGMVTKGVPFHPDPEVADLAQRHGVATSGPGAGRPLLDTAIKACDTILATSGTTNGRLATAGFEQLEARTGTKLTDLSVGSQDRRVTFTDTVIQPQPVITSPEWSGSEHGGRRYSAFVINMERHKPWHTLTGRMHYYLDHDWMRDMGESLPIFRPPLDVAHIYDEPPAGYTGTDADGAAVVSVRYMTPHNKWGIHSQYYDNLHMLTLARGGQTIWMSPADAAKIGVSDNDWVEAYNRNGTVDARAIVSHRIPEGTVFMYHGQERTVNTPLTERSGKRGGTHNSLTRILLKPSHFIGGYAQLSYAFNYYGPTGNQRDEVTLIRRRGQEVTF*
605030	1	1	1	0.9999777	0	0	0	0	0	0	0	0	0	0.000000	0	1	605030	680.0	603.0	78.0	hypothetical protein	WP_002516731.1	.	cds-WP_002516731.1	-1.0	604205.0	605044.0	15.0	5.0	TCT TCA TCG TCC 	S S S S 	G	CG	.	S	C	G	G	G	TTGGTCCCGTCGTCCAAGGTCACGGCCTCGGTATCCCCGCTCGATGGCATCCATACCCGCGCGATCATCAATGAACTTGTTGCAGCGTCGGGCAATGGACCTATCACCAAGGTAGACATCACTAAGGGTGCGCTCAGCATCACCGTTCAGATCGGTAACTCCCCAACAATCTGGACCTGGCAGAACGGCAAGATCGACTCGTCAGCAACTCAGAGCACTCAAACAGCGTCACGCCCCTTCAATCCTGGCGACTTCGCCGTAGAGAAGTTGCCCGTGATATTAAGCAGGGCCGCCGATATCTCCGGATCCCATATGAACCAGAACTTGCAGATCGTCGAGTACAACCAAGGTACTGTCCTCATGACAGTCTCGACCAAGCCAGAAACCCAGACCGTCTTCTTCCGACCCAATGGATCTGCCATCAACCACATTGACTTCGCATCGACTTCTGGCATGACTGAGGCATTAAGTGATGCTGTCGCGAGCGCTAAGCAAGTCGACCAGATCAGCTACCAGCCCGGTAAGGCCATCATCGTCGATACGCCGACAACGACACCTGGCATCGTCATGAGGCGGACCCGGTCTGCCGATATGCCCGCATGGGCGGTACAACGCAGGAGCGACGCGTCCGCAACCTTCTCGCCTGGCCTCCTGAATCCACACGTCATCGTCCGCATCATGAATCTCGCGGCTGCGCAAGCCCACCAGAAGCCATCCGACATGGAATGGACCATTTCTCAGGACACGAAGCTTGACACGCCCGTCCTTCGCGTTGACATTAACGGCCTGACTAGGGCTTTTAATACCGACGGCACCGACGTCACCGACAAGATCAAGTAG	LVPSSKVTASVSPLDGIHTRAIINELVAASGNGPITKVDITKGALSITVQIGNSPTIWTWQNGKIDSSATQSTQTASRPFNPGDFAVEKLPVILSRAADISGSHMNQNLQIVEYNQGTVLMTVSTKPETQTVFFRPNGSAINHIDFASTSGMTEALSDAVASAKQVDQISYQPGKAIIVDTPTTTPGIVMRRTRSADMPAWAVQRRSDASATFSPGLLNPHVIVRIMNLAAAQAHQKPSDMEWTISQDTKLDTPVLRVDINGLTRAFNTDGTDVTDKIK*
739168	1	1	1	1.0	0	0	0	0	0	0	0	0	0	0.000000	0	1	739168	809.0	738.0	90.0	type I glutamate--ammonia ligase	WP_002519168.1	['GO:0006542', 'GO:0004356']	cds-WP_002519168.1	-1.0	738338.0	739759.0	592.0	198.0	TTC ATC GTC CTC 	F I V L 	T	AT	I198F,	N	T	A	T	T	ATGTTCGAAGGTCCCGACGACCTGCTTGCCTATGTCAAGAAGGAGGGCATCGAGATGATCGATGTCCGCTTCTGTGACCTTATCGGTATCATGCAGCACTTCACCGTTCCCGCCCGAGAGTTCGACAAGGACCAGTACGAGAACGGTCTGGCCTTCGACGGATCCTCTATTCGGGGTTTCCAGAAGATTAACGAGTCGGACATGGCCCTACTACCCGATCCGACGACCGCCTGGATCGACCCCTTCCGCGAGCGCAAAACCCTTATCGTGAATTTCAACGTCCATGACCCCATTACGAAGGAGGCCTACAGCCGCGATCCGCGCAACATCGCGCGTAAGGCCGAGGCTTACCTCGCATCTACTGGGATCGGCGATACTGCCTTCTTCGCTCCTGAAGCTGAGTTTTACGTCTTCGACGACATTCGCTTCGACACCCGTCAGAACACCTCGTACTACTCCATCGACTCCGAGGCTGGAGCGTGGAACACTGGACGTACCGAGGATGGCGGCAACCGCGGATACAAGGTGAAATACAAGGGCGGATATTTTCCGGTCGCCCCGACCGACCATTTTGGTGATCTGCGTGACGAAATCGTCACCATCATGGAGCGCCTTGGCATGAAGGTCGAGCGCGCCCACCATGAGGTGGGCACAGCAGGTCAAGCCGAGATCAATTGGCGTTTCGACACCCTGTCGCGCAGCGCTGACGATGTCATGAAGTTTAAGTACATCGTCAAGAACGTCGCCTGGCAGCACGGCAAGACGGCCACTTTCATGCCGAAGCCGATCTTCGGAGACAACGGCTCGGGCATGCATGTTCACTCTTCGATCTGGAAGGGCGGCGAACCTCTGTTCTTTGACGAGTCCGGATACGCCCAACTCTCTGACATGGCCCGCTACTACATCGGCGGCATCCTCAAGCACGCACCGTCGCTGCTGGCCTTCACTAACCCCTCGGCCAACTCGTACCACCGTCTGGTGCCGGGCTTCGAGGCCCCAGTCAATCTGGTGTATTCACAGCGCAACCGCTCCGCCTGCATGCGTATCCCGATCACCGGCCCAAATCCGAAGGCCAAGCGCGTCGAATTCCGTTGCCCAGATCCGTCTGCCAACCCTTACATGGCCTTTGCCGCCCTGCTACTGGCCGGCCTGGACGGCATCCAGAACAAGATCGAGCCGCCCGCGCCGGTCGACAAGGACATCTACGAGCTCCCTCCTGAGGAGCATGCCGCCATGGATCACGTGCCGGGCAACCTGGGTGCGGTCCTCGACAATCTCGAGGCCGACCACGAGTTTCTCCTTGCCGGTGACGTGTTCACCCCGGATCTCATCGAGACCTGGGTCGAACTCAAGCGTGGCGACCTGGCTGCCCTGCAGCAACGTCCGCACCCCTACGAGTTCGACCTGTACTACGACATCTGA	MFEGPDDLLAYVKKEGIEMIDVRFCDLIGIMQHFTVPAREFDKDQYENGLAFDGSSIRGFQKINESDMALLPDPTTAWIDPFRERKTLIVNFNVHDPITKEAYSRDPRNIARKAEAYLASTGIGDTAFFAPEAEFYVFDDIRFDTRQNTSYYSIDSEAGAWNTGRTEDGGNRGYKVKYKGGYFPVAPTDHFGDLRDEIVTIMERLGMKVERAHHEVGTAGQAEINWRFDTLSRSADDVMKFKYIVKNVAWQHGKTATFMPKPIFGDNGSGMHVHSSIWKGGEPLFFDESGYAQLSDMARYYIGGILKHAPSLLAFTNPSANSYHRLVPGFEAPVNLVYSQRNRSACMRIPITGPNPKAKRVEFRCPDPSANPYMAFAALLLAGLDGIQNKIEPPAPVDKDIYELPPEEHAAMDHVPGNLGAVLDNLEADHEFLLAGDVFTPDLIETWVELKRGDLAALQQRPHPYEFDLYYDI*
852062	1	1	1	0.9999994	0	0	0	0	0	0	0	0	0	0.000000	0	1	852062	928.0	862.0	93.0	undecaprenyldiphospho-muramoylpentapeptide beta-N-acetylglucosaminyltransferase	WP_015011462.1	['GO:0009252', 'GO:0050511']	cds-WP_015011462.1	1.0	851112.0	852230.0	951.0	317.0	GCA GCT GCC GCG 	A A A A 	T	CT	.	S	C	T	T	T	ATGGTAAACGTTGTCTTGGCTGGCGGAGGAACGGCTGGCCATACATCGCCGTTGATCGCGACCGCGATGGCGCTGCAGGAACGTGGGGCGACGGTCTCGTGTATTGGTACGCCAAGGGGACTCGAGGGACGAGTTATCCCGGAAGCGGGGCTGCAACTTGACATGATTCCGCCGGTGCCGTTGCCCCGTACCGTTAATGCTGACCTATTCAAGGTTCCTGCTCGGCTAGCCGGGGCGGTGCGTAAGGCTGGCGAGGTGCTTCAGCGTCGCCAGACCGACGTCGTCGTCGGGTTTGGTGGCTACGTGTCGTTGCCTGCGTATTTAGCGGCCAGGCGAGCCAAGATCCCGGTCGTCATCCACGAGCAGAATGCTGTGCCGGGGTTGGCAAACAAGATTGCCGCACGCTTTGCCGTCTTCGTCGGTACGGCTTTCCCCGACACGCCCTTGCCCAAAGCGCGGTTTGTTGGCATGCCGTTGCGTTCACAGATCACCGATTTGGCTGACGCTAGTGGGCAAGCCCGAGCTGAGCGTTGTGCCCGTGCTCGTGCTGACCTTGGTCTTGACATCAACCGTCCAACTTTGTTGGTGTCGGGGGGCTCTCAGGGGGCGGTGGCCATTAATGAGGCGGTTGTTGCTGCGCGGACACGTCTACTTGCAGACGGTGTGCAGATTCTTCACGTGCTCGGGCCGAAGAACATCCGGGGGGCTACGAGGATTACCGACGAGTTGACCGGAGCGTCATGGTTGCCCATGGGATACGTTGACGACATGGCGAGTGCTTATGCGGCTGCCGACCTCATGGTGGCCCGTTCTGGCGCTGGAACAGTGGTGGAAACAGCGACCGTCGGTTTGCCGACTATCTATGTGCCGTTGCCGCACGGTAATGGCGAGCAGGCGCGCAATGCCACCTCGGCGGTCGACGCCGGAGCTGGCGTTGTCGTCGCTAATGCTGATCTGGACGTTGAGCGCCTCCTTGCGGAGACTCCCCGCATCCATGATGCTGATGTTCTTGCCCAGATGTCAGCGGCAGGACGGGGACTCATGCCCGCTCACGCTGCTGAGGAGATGGCGGTCCGGGTGATCTCGGCGGCGACGTCGATAGACCCTACGATTGGTTGA	MVNVVLAGGGTAGHTSPLIATAMALQERGATVSCIGTPRGLEGRVIPEAGLQLDMIPPVPLPRTVNADLFKVPARLAGAVRKAGEVLQRRQTDVVVGFGGYVSLPAYLAARRAKIPVVIHEQNAVPGLANKIAARFAVFVGTAFPDTPLPKARFVGMPLRSQITDLADASGQARAERCARARADLGLDINRPTLLVSGGSQGAVAINEAVVAARTRLLADGVQILHVLGPKNIRGATRITDELTGASWLPMGYVDDMASAYAAADLMVARSGAGTVVETATVGLPTIYVPLPHGNGEQARNATSAVDAGAGVVVANADLDVERLLAETPRIHDADVLAQMSAAGRGLMPAHAAEEMAVRVISAATSIDPTIG*
956476	1	1	1	1.0	0	0	0	0	0	0	0	0	0	0.000000	0	1	956476	1032.0	974.0	81.0	ATP-binding cassette domain-containing protein	WP_041446291.1	.	cds-WP_041446291.1	-1.0	955263.0	957167.0	692.0	231.0	TTA TAA TGA TCA 	L * * S 	G	GT	S231*,	N	G	G	G	T	ATGTGCATGGACTGCTCCGGCTTGGGCTATGTGGACGGTATCGACCTGCAAGAGCTTATCGCCCCCGACAGGAGCTTGAATGAAGGAGCTGTCCGCTTCCCCTCGTTCGAACCTGGAACTTATCGATGGAAACGTCTAGTGTGTTCTGGACTCTTCGACCCCGATGTGCCGTGGAAAGAACTGCCCGAGGCATCACGCAAGCTGCTCCTTCACGGCCAGGGAGTCCGTTTGGAGCGTCCCCTCACCGGCTATCCCAAACATGGCATCTTCGATGGGATCATTCCTCGCCTTAAAGCGTCATATTTGGAAAAAGCCAACGCGAAAACAACCGAGAAGGAAGATGCCGCACTGCGTAGGATCGTGAAGCGGGTCGTATGTCCTCATTGCCACGGTCAGCGCATTAACGAGGCAGCCCGCGCCAGTCGAATCGAGGGGCTCAACATTGCTGAAGCATCCCATTTGAGTATCGATGAATGCATTGCCTTTATCAAAACCATAACCGACGAGATAACTGAGGCACCCCGCCAAGCGGTTTTAGCAAGGCTGAACAACATGCGCGACATCGGCCTGGGGTATCTCAGCCTCGACCGTCCGACGGACACCCTTTCCGGCGGTGAAGCTCAACGGCTACGCCTCGTTAGCCTCTTGGACGCACCCATCACCGACGCAACTTTCGTGATGGATGAACCCTCAAGTGGACTGCACCCTGCCGATATCGAACGCCTGCTACGGTCGCTAAGGAAACTGCGGGACTCTGGGAACACTATGATCATCGTCGAGCACAATCTGCAGGTCCTGGCCGCCTGCGATCATGTCGTTGAGCTCGGGCCGGGCGCGGGAGATGATGGCGGACGGGTTCTATTTGAGGGCAGCCCTCGGAGTTTGACCCGTAGCGACACCCCAACGGGAAAAGCACTGCGTGCAGGAATCCAACTGAATCGACGTTCTCGCCCCGCAACCGACGTCATAGAGGTCACTCACGCCCGCTGCAACAACCTGGGTGATGTGTCTGTGAGCTTTCCGGTCGGGGCACTCACGGTCGTATCTGGGGTGGCGGGTTCCGGAAAGAGTTCGCTGGCATCTGCTTTGGCCCAGCAGCACCCGGAAGTCACCATCATCGATCAATTGCCACTAGCAGCATCCAGCCGCTCCTCCATATTGACTGCTCTGGGTCTTGAATCCCCAATCCGTGAAGCCTTTTCCAAAATCTCAGGTTTGACTACCAGCTGGTTCAGCGCGAATGGGAAAGGCGCGTGCCCCTTGTGCAAGGGACGCGGCACGACACACGTAGACATGGCCTTCATGGATGACGTCCAAACACCGTGTGAGCGCTGCGGCGGCAGGAAGTTCAACGAAACCACGATGGCAGTCCGACTCCCAATGGGCTCGCTTAACCCCACGATCGCGGATGTTCTTGACAGCGGTTTGAATCAGGTCAGCGAACTATACGCCACCCAGGATGACGTGCTCACCGTCATATCCTTGCTCCAGCAGGTTGGCCTCGGCTATCTCACCTTGGGACGGACACTAAACACGCTCTCTGGCGGTGAGCTCCAGCGGATAAAGCTCGTCCAGTTCCTCAAGGAACATCGGGAGGAACAGGAAAGCGTGCTCGTATTAGATGAGATTACGACCGGATTACATCCCAAAGATGTAGAGCAATTGATCCAATTTTTACGCCGATTGTCCGAGAGGGGTGCAACCGCCATCGCGATCGACCATAACCCAGGGCTCATCTCTCAGGCCGATTACAACATCGATATCGGCCCAGGCGCGGGGACTCAAGGCGGCACGGTAGTCTTCACCGGAACAGCATGGGGACTGGCTAACTGTCCGGCGTCCACGACAGGAAAATGGCTTCACAAATTGGTCTGCTCACCCGCCGGCGTTGAACCAGCCCCATGA	MCMDCSGLGYVDGIDLQELIAPDRSLNEGAVRFPSFEPGTYRWKRLVCSGLFDPDVPWKELPEASRKLLLHGQGVRLERPLTGYPKHGIFDGIIPRLKASYLEKANAKTTEKEDAALRRIVKRVVCPHCHGQRINEAARASRIEGLNIAEASHLSIDECIAFIKTITDEITEAPRQAVLARLNNMRDIGLGYLSLDRPTDTLSGGEAQRLRLVSLLDAPITDATFVMDEPSSGLHPADIERLLRSLRKLRDSGNTMIIVEHNLQVLAACDHVVELGPGAGDDGGRVLFEGSPRSLTRSDTPTGKALRAGIQLNRRSRPATDVIEVTHARCNNLGDVSVSFPVGALTVVSGVAGSGKSSLASALAQQHPEVTIIDQLPLAASSRSSILTALGLESPIREAFSKISGLTTSWFSANGKGACPLCKGRGTTHVDMAFMDDVQTPCERCGGRKFNETTMAVRLPMGSLNPTIADVLDSGLNQVSELYATQDDVLTVISLLQQVGLGYLTLGRTLNTLSGGELQRIKLVQFLKEHREEQESVLVLDEITTGLHPKDVEQLIQFLRRLSERGATAIAIDHNPGLISQADYNIDIGPGAGTQGGTVVFTGTAWGLANCPASTTGKWLHKLVCSPAGVEPAP*
1041058	1	1	1	1.0	0	0	0	0	0	0	0	0	0	0.000000	0	1	1041058	1106.0	1053.0	96.0	tRNA dihydrouridine synthase DusB	WP_002515525.1	['GO:0008033', 'GO:0003824', 'GO:0016491', 'GO:0017150', 'GO:0050660']	cds-WP_002515525.1	1.0	1040338.0	1041567.0	721.0	241.0	AGA TGA CGA GGA 	R * R G 	G	AG	G241R,	N	G	A	G	G	ATGCGGGTCGTGATTTCTCGTTGTGCCACTGGCGCTGGCACGACGGTTTCTGCTCAACCGGATTGCCACGCTTACCATGGGCTGGTGTTTTCCGATCCCCTGACCTTGATCGCGCCCTCTGGTGGCACCGTTTCGGTAGATACCCCGGTGGTGCTGGCCCCCATGGCCGGCGTTACCAATGCCGCATTCCGCCAGCTTTGTGCCGAACAAGGTGCGGGCCTGTATGTCTGCGAAATGATCACGTCGCGTGGCCTGGTTTACGGGGACCACAAGACCCACGGCATGCTTGCCTTTGCCGAGTGTGAAGATGTCCGGTCCGTTCAGCTCTATGGCGTCGACCCGGGAATGGTGGGCGAGGCGACATCGATCCTGTGCGAGAAGTACGGAGTCAATCACGTCGACCTTAATTTCGGCTGTCCAGTGCCCAAGGTCACCCGCAAGGGTGGTGGGGGAGTCCTGCCGTGGAAGCTCGACCGGTTTGCGGCCGTGGTTTCTGCGGCTGTCCAGGCCGGTGACGCCCATGGGGTCCCGGTCACCGTCAAGACTCGGATCGGCATTGACCCCGAGCACATCACCTACATTGATTCAGCCCGGGCTGCGGTCGATTCCGGCGCCGCTGCGGTGTGTTTGCACGCTCGCACTGTCGCCGAGGCCTACGCTGGGCACTCCCACTGGGATGCCATTGGCGAGCTTGTCAAGACCGTCGATGTCCCCGTCATTGGAAACGGTGACATCTGGGAGGCCAGCGACGCAATGGCCATGGTCGGGCAAACGGGTTGTGCCGGCGTCGAGGTTGGTCGTGGTTGTCTCGGTCGTCCGTGGCTGTTCCGTGACTTGGCCGATGCCTTCGCCGGTCGTGACACCACCACCTTGCCGACCTTGGGTGAAGTGTGCGCCATGATCCGTCGCCATGCCGAACTGTTGGTGAAATATCAGGGAATGCATGGTCTGGTGGACATGCGCAAACATATGGCTTGGTACCTTAAGGGATTCCCCGTAGGTGGGGAAACCCGTCATGTTCTCGGCCAGATTTCCAGTTTCGACGAACTCGATTCCTTGTTGGCCACCCTTGACCACGACGCCCCTTTCCCAGTTAAGGAGCTTGGCAAGGCCCGTGGTCGTCAGGGCGCCCCGCGGCGAAAGGTCGTCATGCCGCACGGATGGCTGGACACTCACACCCTTGACGACGATGATCTGTCCGCTGCTGAGATCGACGCTTCCGGGGGATGA	MRVVISRCATGAGTTVSAQPDCHAYHGLVFSDPLTLIAPSGGTVSVDTPVVLAPMAGVTNAAFRQLCAEQGAGLYVCEMITSRGLVYGDHKTHGMLAFAECEDVRSVQLYGVDPGMVGEATSILCEKYGVNHVDLNFGCPVPKVTRKGGGGVLPWKLDRFAAVVSAAVQAGDAHGVPVTVKTRIGIDPEHITYIDSARAAVDSGAAAVCLHARTVAEAYAGHSHWDAIGELVKTVDVPVIGNGDIWEASDAMAMVGQTGCAGVEVGRGCLGRPWLFRDLADAFAGRDTTTLPTLGEVCAMIRRHAELLVKYQGMHGLVDMRKHMAWYLKGFPVGGETRHVLGQISSFDELDSLLATLDHDAPFPVKELGKARGRQGAPRRKVVMPHGWLDTHTLDDDDLSAAEIDASGG*
1054786	1	1	1	1.0	0	0	0	0	0	0	0	0	0	0.000000	0	1	1054786	1121.0	1068.0	87.0	pyridoxal 5'-phosphate synthase glutaminase subunit PdxT	WP_002519029.1	['GO:0042823', 'GO:0016884']	cds-WP_002519029.1	1.0	1054503.0	1055150.0	284.0	95.0	GAT GTT GCT GGT 	D V A G 	C	CG	A95G,	N	C	C	C	G	ATGTACCAGCCCCGCACCGTCTGGCTGAGCGAGGTTGGTGAGATGGCCCCGCTTGTCGGGGTGGTGGCCCTGCAGGGCGGGTTCGCCGAGCACATTGAGGTTCTCGAGTCGCTGGGGGCCAATACTCGTCGGGTTCGTCGGAGCGCTGATCTTCAGGGTCTCGACGGGATTGTCTTACCAGGCGGAGAGTCGACCGTTATTGACAAGCTCATGAGGTCGTTCAGCTTGGCGGAACCGCTTAAAGATGCCGTGCGCAGAGGCCTTCCGGTGCTGGCCACCTGTGCTGGGCTCGTCGTGCTAGCTACTGATCTGGAGGACGCGGCAAAAGGCCAACACACCCTCAGCTTGCTCGACGTTACTGTGCGTCGCAACGCCTTCGGGTCCCAGTTGGATTCCTTTGAGGGGACCCTCGACATCGACGGGGTTGGGGATGGGGTCTCGGCTACCTTCATCCGGGCTCCCGTCATTACCCGGGTGGGACCCGGTGTCGAGGTCATTGCTCAGCTGCCTGACGAGGCAGGCAACGTAAGCGGGGCCATCGTCGGCGTGAGGCAGAGGAACGTCCTCGCCCTGTCATTCCACCCTGAAGAGACTGACGACGACCGGGTACACCGCACCTGGTTGCGCCAGGTGTCTGAGGAAGTCTGA	MYQPRTVWLSEVGEMAPLVGVVALQGGFAEHIEVLESLGANTRRVRRSADLQGLDGIVLPGGESTVIDKLMRSFSLAEPLKDAVRRGLPVLATCAGLVVLATDLEDAAKGQHTLSLLDVTVRRNAFGSQLDSFEGTLDIDGVGDGVSATFIRAPVITRVGPGVEVIAQLPDEAGNVSGAIVGVRQRNVLALSFHPEETDDDRVHRTWLRQVSEEV*
1154874	1	1	1	1.0	0	0	0	0	0	0	0	0	0	0.000000	0	1	1154874	1215.0	1167.0	72.0	APC family permease	WP_015011532.1	['GO:0022857', 'GO:0016020']	cds-WP_015011532.1	1.0	1153840.0	1155864.0	1035.0	345.0	AAA AAT AAC AAG 	K N N K 	C	CG	N345K,	N	C	G	C	C	GTGAAGGTTTTCCAAGCCGTCAAAAGGGTGCTCATCGGGCGCAAACTCGAGAGCAGTGCGCTGGGCGAGACTCTCCTTCCGAAGCGGATCGCGCTGCCCGTGTTCGCCTCCGACGCGCTCTCGAGCGTGGCATACGCTCCCGACGAGATCCTTATTACCTTGTCTTTGGCTGGTACTGCTGGGTTCGCGTTCTCGTGGAAAATTGGTATTGCCGTCGCCTTGGTCATGCTCATCGTGGTAATGAGCTACCGCCAGACAGTGCACGCTTACCCCTCAGGCGGTGGCGATTATGAGGTTGCGACAGCCAACCTGAGTCCACGTTTTGGGCTCGTGGTGGCCAGCGCGCTTCTCGTCGATTATGTGCTGACAGTGGCCGTTTCGGTGTCGTCGGGTGTCCAGAACGCCGAGGCGATGATCCCCGGACTCGCTGGTCATGAAGGTGTTGCAGCGGCCGTCGTTATAGCCATTCTCACCGCCATGAATTTACGAGGCGTGAGGGAATCAGGAACATTCTTTGCTGTCCCCACCTATGCCTTCATGATCTCGGTGATCTGCATGGTGGTGTGGGGCCTCACGAGGATCTTCGTCCTAGGAGACAATCTTCGCGCCCCAACCGCAGATTTCACCGTCGTCGGTGCACCGAAGTACACCGGCTTGGTCGGTGTTGCTTTCGTCGTTCTTATGGCGCGTACTTTCTCGTCAGGCTGTGCCGCATTGACAGGGGTCGAGGCGATCTCCAACGGCGTGCCGTCTTTTCGTGAACCGAAGTCAAAGAACGCCGCCACGACGTTGGCGATGCTTGGCGGGATTGCTGTCTCGATGCTTATGGGCATTCTCGTCTTGGCCAGTGTCACCGGTGTCAAGATGTTCGATGAGACGGGGGAGTCACATCTCGTCGATACGCATGGACACGCTGTTAAAGAGCAAGTGACGGTTGTTGGTCAGTTGGCGCGCACCGTCTTCTATGACTCGTTCAAACCGGGCTTCTACATCATGATCGTCTGTACGATGATCATCTTGTTCTTGGCTGCCAACACCGCCTTCAACGGTTTCCCGGTGCTGGGCTCGATCCTCGCCCGTGACGGCTTCCTGCCGCGTCGTCTCCATGCCCGCGGTGACCGTCTCGCCTACTCCAACGGCATCTTGACCCTTGCCACCGGTGCCATCATTTTAGTGCTGGTCTTTAACGCCTCCGTGACAGCGCTTATCCAGCTTTACGTAGTTGGAGTTTTTATCTCCTTCACGGTGAGCCAGACCGGCATGATGCGCCACTGGACGCGCCTGTTGCGTACCGATACTTCGGCCGGGACCAAGGAACGTCGCCGCTGGCAGCACTCAAGGATCATTAACGGCATTGGCTTGGTCGGGACCGGTATCGTTCTGATCATCATCTTGGCGTCGAAGTTCATTCATGGCGCTTATCTGGCGCTTATTGCGATGGCCGTGGTGTACGTGCTCATGATGTCGATTAAGAAGCATTACGACTCGGTGGTCCGCGAGTTGGAGCTCAATAGCCCGTCTGATCGCGCCTTGCCCTCGCGCGTACATGCGGTGATCATGATTTCTGACCTCAACAAGCCGACGATGAGGGCTATACAGTTCGCGAAGGCTACTGTCCCAACTTTCTTGGAGGCTGTCATCGTCGACGTTGACTCCGACGCTACGGAGCGCCTGCTGGAGCGCTGGGACGAGGAGGACATCGACATCCCCCTCAGGATCATTGCTTCCCCATATCGCGAGATCACCAACCCGTTAATCGATCACATTCGCCGTATCCGCAGCGAAAATCCGCGAGACATGGTCGAGGTCTTTATTCCGGAGTACGTCGTTGGCCACTGGTGGGAACATCTGCTGCACAACCAGACGGCGCTCGTCGCGCGTGCCCGGCTACACTTTATGCCGGGTGTGCTTATCTCCTCAGTTCCTTACCAGTTGCGTAGCTCGGCGATTCTCGAAAAGCGTTGGAAGCGTAACGATCCTCGTTCTTGGCGTGATCCTGGTGCCACCATCACTCCCCGGCGTTGA	VKVFQAVKRVLIGRKLESSALGETLLPKRIALPVFASDALSSVAYAPDEILITLSLAGTAGFAFSWKIGIAVALVMLIVVMSYRQTVHAYPSGGGDYEVATANLSPRFGLVVASALLVDYVLTVAVSVSSGVQNAEAMIPGLAGHEGVAAAVVIAILTAMNLRGVRESGTFFAVPTYAFMISVICMVVWGLTRIFVLGDNLRAPTADFTVVGAPKYTGLVGVAFVVLMARTFSSGCAALTGVEAISNGVPSFREPKSKNAATTLAMLGGIAVSMLMGILVLASVTGVKMFDETGESHLVDTHGHAVKEQVTVVGQLARTVFYDSFKPGFYIMIVCTMIILFLAANTAFNGFPVLGSILARDGFLPRRLHARGDRLAYSNGILTLATGAIILVLVFNASVTALIQLYVVGVFISFTVSQTGMMRHWTRLLRTDTSAGTKERRRWQHSRIINGIGLVGTGIVLIIILASKFIHGAYLALIAMAVVYVLMMSIKKHYDSVVRELELNSPSDRALPSRVHAVIMISDLNKPTMRAIQFAKATVPTFLEAVIVDVDSDATERLLERWDEEDIDIPLRIIASPYREITNPLIDHIRRIRSENPRDMVEVFIPEYVVGHWWEHLLHNQTALVARARLHFMPGVLISSVPYQLRSSAILEKRWKRNDPRSWRDPGATITPRR*
1202244	1	1	1	1.0	0	0	0	0	0	0	0	0	0	0.000000	0	1	1202244	1273.0	1225.0	78.0	phosphoglucomutase (alpha-D-glucose-1,6-bisphosphate-dependent)	WP_002514990.1	['GO:0005975', 'GO:0004614']	cds-WP_002514990.1	-1.0	1201686.0	1203317.0	1074.0	358.0	GCT GCA GCG GCC 	A A A A 	A	AC	.	S	A	A	C	A	ATGGCTCATGAACGTGCTGGGAAACCTGCCCAGGAATCCGACCTCATCGATGTCGATGCCGTGTTGTCGGCCTACCACGACATCTCCCCCGATCCTTCGAACCCTGATCAGATGGTCGTCTTCGGCACGTCGGGTCACCGCGGCTCCTCTCTCGACGGCGCTTTCAATGACGCTCACATCGCCGCTACCACCCAGGCAATCGTGGAATACCGCACCTGTCAGGGAATCGATGGCCCGCTCTTCATTGGCAAGGACACCCATGCTTTATCCATGCCAGCATGGACGACCGCCATTGAGGTACTGTGCGCCAACGACGTCGAGGTCATCGCCGAGCATGACGATGAGTGGACTCCAACCCCTGCCGTCTCACGGGCCATCATTGTTCACAACCGTTTAAGCGAAGGACGCCAGGCTGACGGCATTGTCGTCACCCCCTCACACAACCCGCCACGCGATGGCGGATTCAAATACAACCCACCGCACGGTGGCCCGGCCGATACGGACGCCACCGGTTGGATTGCTGACCGCGCCAACGAGTTGCTCGCCGATCCATCTGGTATCCGTCGTAAACCTTATGAACAGGTGCGCAACGAGGTCTCCCGTTACGACTACCGCAGCGCATATTGCGACGATCTGCGCAATGCCATAGACCTCGACGCTATTGACGAGGCCGGCGTCCACATCGGCGCCGATCCGCTCGGTGGGGCCTCGGTTCAGTACTGGGAGTACATCGCAGACCACCTCGGTATTGACCTGACGGTCGTTAACCCCACGGTTGATCCAACTTGGCGATTCATGACCCTTGACTCTGACGGCAAGATCCGGATGGACTGCTCTTCCCCTTCAGCGATGGCCTCTCTCATCGCGAACAAGGATGCTTACGACATCGCGACTGGAAACGACGCCGACTCTGACCGCCACGGCATCGTCACGCCAGACGCCGGCCTTATGAATCCGAACGCCTACCTAGCTGTGGCGATTGGTTACCTCTTTGCTCATCGTCCAGGGTGGCGCCCTGACGCCGGTATCGGCAAGACTCTCGTGAGCTCCTCCCTCATCGATAAAGTGGCGGCTGACCTGGGACGTCGTCTCATTGAAGTACCAGTGGGTTTCAAGTGGTTCGTTCCTGGCCTCATGCGCGGGGATATCGGTTTTGGTGGCGAGGAATCAGCCGGAGCGTCGTTCCTTGATCTCGACGGCCAGACGTGGACCACGGATAAGGACGGCATCCTGCTGGCCCTGCTCGCTAGTGAGATTAAAGCTGTTACTGGCCGCTCCCCGTCCGAGCATTACGCCGATCTAGAGGACCGCTTCGGCAAGTCTTACTATGCCCGTATCGACGCCGATGCCAACCGCGAGCAGAAGGCCCGCCTCAAGGCTCTCTCCCCTGACGACGTCTCCGCTAACACTATCGCTGGCGAGAAAATCGAGAAGATCCTCACCAAAGCCCCAGGCAATGGCGCAGCGATTGGTGGTATCAAGGTCATGACCGAAAATGCCTGGTTCGCAGCTCGCCCTTCGGGCACCGAAGACAAGTACAAGATCTACGCTGAGTCCCTGCGTGATGCTGACCATTTGGCCGCCGTCCAGGAAGAGGCCCGCCACATCGTCGATCAAGCTCTCAAAGGCTGA	MAHERAGKPAQESDLIDVDAVLSAYHDISPDPSNPDQMVVFGTSGHRGSSLDGAFNDAHIAATTQAIVEYRTCQGIDGPLFIGKDTHALSMPAWTTAIEVLCANDVEVIAEHDDEWTPTPAVSRAIIVHNRLSEGRQADGIVVTPSHNPPRDGGFKYNPPHGGPADTDATGWIADRANELLADPSGIRRKPYEQVRNEVSRYDYRSAYCDDLRNAIDLDAIDEAGVHIGADPLGGASVQYWEYIADHLGIDLTVVNPTVDPTWRFMTLDSDGKIRMDCSSPSAMASLIANKDAYDIATGNDADSDRHGIVTPDAGLMNPNAYLAVAIGYLFAHRPGWRPDAGIGKTLVSSSLIDKVAADLGRRLIEVPVGFKWFVPGLMRGDIGFGGEESAGASFLDLDGQTWTTDKDGILLALLASEIKAVTGRSPSEHYADLEDRFGKSYYARIDADANREQKARLKALSPDDVSANTIAGEKIEKILTKAPGNGAAIGGIKVMTENAWFAARPSGTEDKYKIYAESLRDADHLAAVQEEARHIVDQALKG*
1266762	1	1	1	1.0	0	0	0	0	0	0	0	0	0	0.000000	0	1	1266762	0.5	1281.5	81.0	nan	nan	nan	nan	nan	nan	nan	nan	nan			C	CT	.	P	C	C	T	C
1282310	1	1	1	1.0	0	0	0	0	0	0	0	0	0	0.000000	0	1	1282310	1338.0	1292.0	96.0	acyl-CoA dehydratase activase-related protein	WP_002529970.1	.	cds-WP_002529970.1	-1.0	1278552.0	1282985.0	676.0	226.0	TGC AGC GGC CGC 	C S G R 	C	AC	G226C,	N	C	A	C	C	ATGGACGCACACATCGGCAATGCGATTCCACCGGACGCGCAGGACCTTCGGATGGGTCTTGACGTCGGATCAACGACGATCAAGGCCGTCATCCTCGATCCCGACGAGAACATCCTTTTCGAGGACTACAGACGCCACCACGCCGATATCACCGGCGCTATGGCCTCTCTGCTCGGCGACGCCGCCGATGCTCTTCCCGGCACAAAGGTGCGCGCGACCGTTACCGGATCGGCGGGATTGGGAACCGCAGAGGCATTGGGCCTTACTTTCATTCAGGAGGTCATGGCTGAGACGGCCGCCGTCCAACGTTGGAATCCCGACGCCGACGTGCTTCTCGAACTCGGTGGTGAGGATGCCAAGATCACCTACCTCAAGCCGGTCCCCGAACAGCGCATGAATGGTTCGTGTGCTGGTGGCACCGGTGCCTTCATCGACCAGATGGCTACCCTGCTGCACACCGACACTCCCGGCCTCAATGACCTCGCATCCCGGGCCAAGACCATCCATCCGATCGCCTCGCGCTGTGGTGTTTTTGCCAAGTCCGACCTTCAGCCCCTCATTAACGAGGGAGCCCGCCACGAAGATCTGGCTGCTTCGGTCCTGCAGGCTGTCGCCACTCAGTGCATTGCTGGCCTGGCATGTGGTCGCCCGATTCGAGGTAAGGTCATCTTCCTTGGCGGTCCGCTTCACTTTATGCCAAGTTTGCGAGACGCTTTCTCGCGCGTCCTCGACGGTAAGGTTGACGCGTACATTACCCCAGACCGCGCTCAGCTATACGTGGCTATGGGAGCAGCCCTGACGTCAACGTCTGAACCGGTAGATCTCGCGGAAACTGCGAAACGTTCACGACACGCTCGTACTCAAAACGGGATTTCCCAATCCATGCCACCGCTATTTCGTAGCGAGGAGGAATTGGACGAATTCAATCGGCGGCATTCTCACGCCAAGCTGCCACGCCTACCTTTACATGACGCTCGCGGTAGCCTCTTCCTGGGCATCGACGCCGGATCAACGACTATCAAGTCGGTCCTCATTGATGAGTCCCTCAACATTGTCGCCTCTCACTACGCCTCTAATGAGGGTGACCCGGTAAGCGCCGCGGTGCAAATCCTCGCCGACCTGTACGACGCCATGCCAGCGGAGGCCACGATCGCCCGTACCTGCACCACTGGGTACGGTGAGGGGCTCGTTAAGGCTGCGCTAGAGGCCGAAGACGGCGAAGTCGAAACTATGGCCCATTACCGAGCCGCCGATCATCTGCTTCCCGGGGTGACCGCAATCATTGACATTGGTGGCCAGGACATGAAGTATTTGCGCGTCGTCGATCAAGTCATCGACTCTATCTCTGTCAACGAGGCGTGTTCGTCGGGATGCGGGTCCTTCTTGCAAACCTTTGCTGCCGGCATGGATACCGATATCGAATCATTCTCCTCCATGAGCCTGCTGGCTCAGCATCCGGTAGATCTAGGTAGTCGCTGCACCGTCTTTATGAACTCCTCAGTCAAGCAGGCACAAAAGGAGGGGGCCTCTCCCGCTGATATTGCTGCCGGACTGTCCTACTCAGTGGTTCGCAATGCCTTGTACAAGGTCATTAAGCTTACTGATCCGGCACAACTAGGGAACAAGGTTGTCGTCCAAGGTGGAACCTTCCTCAACAATGCCGTCCTACGTGCCTTCGAAAAGCTCACCGGTCGCGAGGTCGTTCGTCCCGCTGAGGCTGGCCTCATGGGAGCCTATGGAGCTGCCCTGACCGCTCACGCCCGGTTTCATGCCGGAGAGCCCACCACCTCTGAAGGTTTACGGGAGCGCGCTGAACTCGATGGTTTCGCTGTTGAGACTCATCGCGACGACTGCGCGTTGTGTCAAAATCACTGCCAACGCACCATCGCCACCTTCTCCGATGGTCGCGTGTTCGTCTCGGGTAACCGTTGCGACCGTGGCGCCGAGGTCAATAACCGCAAGATGGCCAAGCTTCCGAAGTCTGAGCTGCCCAATGTGTTCGAGGACAAGTACAAGAGGCTCTTTAGCTATCGGCGTTTGACGGCTAAGAAGGCCTTTCGCGGTGATTTAGGTCTGCCTCGCGCTCTCAACATGTACGAAAACTACCCATTCTGGTTCACGACTTTATCGGCACTCGGATACCGTGTCATGATCTCGGGACGCTCCTCCCATGCCCTATTCGAAAAAGGCATGGAATCGATTGCCAGCGAGAATATTTGTTATCCCGCTAAGCTCAACAACGGTCACGTTGAGGACCTTGTGCAGCGTGGGGTGAAACGGATTTTTGATCCCTGTATCCGCTATGAGCAGGTCAGCGTGGCCGACGCGGACGCGCACTTCAACTGCCCGGTGGTTGCCTCGTACCCCGAGGTCATCAGGGCTAACGTCGAAAGTCTACGAGACAAGGACGTCGAGCTTATCTCGCCCTTCCTCTCGCTGGCCGATCCTGACAAGCTTGCTGAGCGGTTGGCTGAGGTTTTCGCCGATGATGATGTCACCGTCGATGAAGCTCGCCGCGCCATTGCCAAAGGTTTGGAGGAAGATAAGGCTTTCCATGACGAAATCCGGAAGATGGGCGAGGATGCCTTGGCCTATATGGCCGAGCACAACGTCCCGGGAATCGTACTGGCAGGCCGTCCGTACCATGTCGATCCGGAGATCCACCACGGAATTCCCGAGATGGTGAACTCCTTGGGAATGGCGGTACTAACCGAGGACTCGGTGGCCCATCTGGGAGCCGACTTACTGGAACGTCCATTACGCGTGCGCGACCAGTGGATGTTCCACTCCCGCCTCTACCAGGCCGCCGCCTTCGTCGGATCCCGTCCCGACCTTGAGTTGGTTCAGCTGAATTCATTCGGCTGTGGCCTTGATGCCATCACCACCGATCAGGTGCGTGAGATCCTGGCCGCGCGCGACCGTATCTACACCACCCTTAAGATCGACGAGGTATCCAATCTGGGAGCGGCTCGCATCCGAATGCGCTCGCTGCAGGCTGCATCGAAGGAACGAGCCAGCCATAACCGCAAGCTTGTGACTCATCCGTTATCGGATGACCGGGTGCCCTTCACCAAAGAGATGAAAGCTACTCACACTATTTTGGTGCCACAGTTCGCCCCCTACCAGACCTCCATCGCCGAGGCTGCCTTGCGGGCCTCTGGCTACCAGGTCGAAGTACTGAAGCAAGCTTCCCGGGAGAACATTGATTATGGCCTGTCGGTAGTCAACAATGATGCTTGTTTCCCGGCTATTGTCGTTATTGGGCAACTCGTGTCGGCACTGAAATCCGGCAAGTACGACCTTGATCACACCACCCTTTTCCTTACTCAGACCGGCGGCATGTGCCGTGCCACCAATTACATCGGTCTGCTGCGCAAAGCTCTCAAGGATGCCGGGTTTGGCAATATCCCGGTCATCGCAGCTTCCCTGCAAGGAGTCGAGGACAACCCGGGCTTCTCCCTGACTGCTCCCCTCATCCACCGCATGGTGCAGGCTATTACCCTTGGCGACCTGCTGCAGAACGTGCACCTTCGTACCCGTCCTTACGAAGCAGTTCCAGGATCGGCTGATGGCCTCATGCGCCGCTGGACGACCATAGCGCGCGAGCATTTCCTGAACGGTGGACATTCCACGACGTGGGGACGCCGGACGTCTTACAAGACCATGATCAACAGCATCGTTGACGATTTCGAACATCTCGAATTGGCCGATGGACCGCGTAAACCGCGGGTCGGTGTGCTTGGCGAGATTTTGGTGCAGTTCCATCCTGACGCCAATAACCACATCGTCGAGACCATCGAATCCGAGGGTTGTGAGGCTGTCTTGCCGGGCCTGATGTGGTTCGTCTACAACTGCTTGTCTGCTGGTGACTACAACTACAAGACCTTCGGCACCGACAAGTGGAGCCGTCACGTCAAGAAAGCTTTCCGAGCCCTGCTCATGCAGTACCAGAAGCCGGTCACCACAGCATTACGCAAGTCGACTCGGTTTGAAGTCCCGACCCCAATCACCGAACTCATGGCGGATGCCCAACGCATTGTTCAGCTCGGTAACCAGGCCGGTGAGGGCTGGTACCTCGTCGGTGAGATGGTCGACATGATCCGTGAGGGCGTACCGAATATCGCTGTTGTGCAGCCCTTCGCGTGCCTACCGAACCACGTCACCGGGCGTGGTATCTTCCGCGAGATCCGCCGTCAGTTCCCGCAGGCCAACGTGGTGTCTGTCGATTATGATCCGGGGGCTTCTCAAGTAAACCAGCTCAACCGCATCAAATTGATGGCCGCTACCGCTCGAGATCGCAACGTCAGCGAGGAACGTGACGCCGGACAGGCAGTGCGCCCGGAACCTGACGAGGAGATCCCAACCTCACCGCCGACAGCTTCACGCCCAGATCTCAACGGGAAACCGGTTATGGAGCTGTCTGTGCATCTGTGA	MDAHIGNAIPPDAQDLRMGLDVGSTTIKAVILDPDENILFEDYRRHHADITGAMASLLGDAADALPGTKVRATVTGSAGLGTAEALGLTFIQEVMAETAAVQRWNPDADVLLELGGEDAKITYLKPVPEQRMNGSCAGGTGAFIDQMATLLHTDTPGLNDLASRAKTIHPIASRCGVFAKSDLQPLINEGARHEDLAASVLQAVATQCIAGLACGRPIRGKVIFLGGPLHFMPSLRDAFSRVLDGKVDAYITPDRAQLYVAMGAALTSTSEPVDLAETAKRSRHARTQNGISQSMPPLFRSEEELDEFNRRHSHAKLPRLPLHDARGSLFLGIDAGSTTIKSVLIDESLNIVASHYASNEGDPVSAAVQILADLYDAMPAEATIARTCTTGYGEGLVKAALEAEDGEVETMAHYRAADHLLPGVTAIIDIGGQDMKYLRVVDQVIDSISVNEACSSGCGSFLQTFAAGMDTDIESFSSMSLLAQHPVDLGSRCTVFMNSSVKQAQKEGASPADIAAGLSYSVVRNALYKVIKLTDPAQLGNKVVVQGGTFLNNAVLRAFEKLTGREVVRPAEAGLMGAYGAALTAHARFHAGEPTTSEGLRERAELDGFAVETHRDDCALCQNHCQRTIATFSDGRVFVSGNRCDRGAEVNNRKMAKLPKSELPNVFEDKYKRLFSYRRLTAKKAFRGDLGLPRALNMYENYPFWFTTLSALGYRVMISGRSSHALFEKGMESIASENICYPAKLNNGHVEDLVQRGVKRIFDPCIRYEQVSVADADAHFNCPVVASYPEVIRANVESLRDKDVELISPFLSLADPDKLAERLAEVFADDDVTVDEARRAIAKGLEEDKAFHDEIRKMGEDALAYMAEHNVPGIVLAGRPYHVDPEIHHGIPEMVNSLGMAVLTEDSVAHLGADLLERPLRVRDQWMFHSRLYQAAAFVGSRPDLELVQLNSFGCGLDAITTDQVREILAARDRIYTTLKIDEVSNLGAARIRMRSLQAASKERASHNRKLVTHPLSDDRVPFTKEMKATHTILVPQFAPYQTSIAEAALRASGYQVEVLKQASRENIDYGLSVVNNDACFPAIVVIGQLVSALKSGKYDLDHTTLFLTQTGGMCRATNYIGLLRKALKDAGFGNIPVIAASLQGVEDNPGFSLTAPLIHRMVQAITLGDLLQNVHLRTRPYEAVPGSADGLMRRWTTIAREHFLNGGHSTTWGRRTSYKTMINSIVDDFEHLELADGPRKPRVGVLGEILVQFHPDANNHIVETIESEGCEAVLPGLMWFVYNCLSAGDYNYKTFGTDKWSRHVKKAFRALLMQYQKPVTTALRKSTRFEVPTPITELMADAQRIVQLGNQAGEGWYLVGEMVDMIREGVPNIAVVQPFACLPNHVTGRGIFREIRRQFPQANVVSVDYDPGASQVNQLNRIKLMAATARDRNVSEERDAGQAVRPEPDEEIPTSPPTASRPDLNGKPVMELSVHL*
1324180	1	1	1	1.0	0	0	0	0	0	0	0	0	0	0.000000	0	1	1324180	0.5	1333.5	63.0	nan	nan	nan	nan	nan	nan	nan	nan	nan			A	AT	.	I	A	T	A	A
1428080	1	1	1	0.9999896	0	0	0	0	0	0	0	0	0	0.000000	0	1	1428080	1495.0	1455.0	87.0	ATP-dependent DNA helicase UvrD2	WP_002516423.1	.	cds-WP_002516423.1	-1.0	1426223.0	1428343.0	264.0	88.0	CGT CGA CGG CGC 	R R R R 	T	GT	.	S	G	T	T	T	ATGTTGCTGTCGGTCACGACCCTTATGGTGATCGCTGTGAGAACCCGAACGGCAGATGCGATTCTGGCGGCACTGGATCCTGAACAGGTTAAGGTTGCGAAGACCTTCGATGTTCCAGTGTGCGTCATAGCTGGTGCCGGGACAGGTAAAACTCGTGCTGTCACTCATCGCATTGCCTACGGCGCAGTGACAGGCAAGCTTGATCCGCGTCGTACCCTCGCGGTCACTTTTACGACTAAGGCAGCTGGCACGATGAGAGGTCGACTCGCCGATCTGGGGGTTGTTGGTGTGCAGGCTCGCACTATTCATTCTGCGGCGTTGCGGCAGATCAAGTTTTTCTGGCCTCGTGCATATAACTGTGAGTTGCCACCGGTGAGTGATTCTCGTTTCTCGATGGTGGCGGAGACGACCCATCGCATTGGTCTGGGCAATGACAAGGCGCTGCTGCGCGACTTGTCCGCCGAGATCTCGTGGGCGAAGGTCTCAAATGTGCCGACTGATCAATACGCATCCCTGGCTAGGGCGGAAGGCCGGGTGGTGGCGGGAGTTTCGGCAACTGACGTAGGACGCGTCCTCGCTGGATATGAGGCTGTGAAGAGGGAACGCTGCGTCATTGATCTGGACGATATTTTGTTGTGCGCGGTGGGATTGTTGGTTCAGCACCGTGACATCACTGAGGAGATTCGGGCTCGGTACCGACATTTCGTTGTCGACGAATACCAGGACGTTTCTCCGCTGCAGCATAGGTTGCTTGAACTGTGGTTTGGCGATCGAAATGATGTATGCGTCGTGGGAGATCCGCACCAGGCCATTCACTCTTATGCAGGCGCACGAGCTGACTACCTCCTCGACTTCGTTGCCGATCATCCTGGCGCTAAACGCATCGATTTGGTTCGCAACTACCGCTCCACTCCCGAGATCGTTCAGTTGGCCAATGAAGTTCTTGTCAACCGTATGACTCCAGAGGAGGCTCTGGAACATGGCAGGGGAGTCACATTGGTTTCGCGGGGTCGATCCGGTCCCGAGCCCATCTATCAAGCTCTCGGGGACGATGCCTCCGAAGCTTCAGCTGTAGCAATGTGGATTGAATCGCGCCATGCTGCGGGAATCCCATGGTCTGAGATTGCCGTCTTGTACCGGATTAATTCTCAGGCAGCCCAGCTTGAGACCGCGCTGGCCGAGAGGTCCATCCCATATCTTGTGAAGGGGTCTGAGCGCTTCTATGACAGGGGCGAGGTGCGACGCAGCCTTGACGCTTTGGCTCGGCTTGCTGCTGATGAACCAGGTGCGGATCCGCTACGGGCTTTTGATCGGATACTCGCAGCTCAAGGTTGGTCGGCTATTGCGCCCGACGGAGAAGGTGATGTCCGGCAACGGTGGGAATCGTTGCAAGCTTTGCACGACCTGACGGTCTCGGTTGTAGACGACGGGACGAGGACGCTGGAAGAACTGGCAGCCGTGTTCTCCCGTCGGGCGGCCACTCAGGAGGCGCCGGTCGGCGACGGCGTTACCTTGGCAACCTTGCATGCATCTAAGGGGCTCGAATGGGATGTCGTGGCCCTCTATGGCATAAATGACACGATGGTGCCCTTCATCATGGCTGAAGCTCCGGCTGAGGTGGCTTCGGAACGCCGGTTGTTGCATGTTGGCGTAACTCGAGCACGACGAGACCTGTGGGTCTCGTACTCGTGGTCTGGAGGGAACCGGGACCGGCAGGGGATCTCGCGATTTTTGCGCGGCCTCCCTGGGACGGGGGAAACGACCGACAAACCCCCGCGACATCGCCGGAAACGTCGTGCCACGATCACAGTCTGCTCGGTGTGCGGCAAAGCCCTTACGGCGGCCAGAGACCGAAAACTCGGCCATCACCTTGCCTGCGAGGTGGGGGTCGACCCAGTTCTCGTCGAGAGGTTGCGGCAGTGGCGCAGCGAACGCGCGGAAGCCGATCGAGTGCCAGCTTTCGTCATTCTCACGGACGCTACCTTGCTGGGCGTGGCGGAGAAACGACCTAACTCTATGGAAAGTTTATTGCAGGTCCCCGGAATTGGTAGGCGCAAGGCCGATCTTTACGCGGCTGATCTCATCAAGGTGCTGCACGGTTCCTCGGATAACCAACAGTGA	MLLSVTTLMVIAVRTRTADAILAALDPEQVKVAKTFDVPVCVIAGAGTGKTRAVTHRIAYGAVTGKLDPRRTLAVTFTTKAAGTMRGRLADLGVVGVQARTIHSAALRQIKFFWPRAYNCELPPVSDSRFSMVAETTHRIGLGNDKALLRDLSAEISWAKVSNVPTDQYASLARAEGRVVAGVSATDVGRVLAGYEAVKRERCVIDLDDILLCAVGLLVQHRDITEEIRARYRHFVVDEYQDVSPLQHRLLELWFGDRNDVCVVGDPHQAIHSYAGARADYLLDFVADHPGAKRIDLVRNYRSTPEIVQLANEVLVNRMTPEEALEHGRGVTLVSRGRSGPEPIYQALGDDASEASAVAMWIESRHAAGIPWSEIAVLYRINSQAAQLETALAERSIPYLVKGSERFYDRGEVRRSLDALARLAADEPGADPLRAFDRILAAQGWSAIAPDGEGDVRQRWESLQALHDLTVSVVDDGTRTLEELAAVFSRRAATQEAPVGDGVTLATLHASKGLEWDVVALYGINDTMVPFIMAEAPAEVASERRLLHVGVTRARRDLWVSYSWSGGNRDRQGISRFLRGLPGTGETTDKPPRHRRKRRATITVCSVCGKALTAARDRKLGHHLACEVGVDPVLVERLRQWRSERAEADRVPAFVILTDATLLGVAEKRPNSMESLLQVPGIGRRKADLYAADLIKVLHGSSDNQQ*
1438395	1	1	1	1.0	0	0	0	0	0	0	0	0	0	0.000000	0	1	1438395	1500.0	1460.0	93.0	ATP-dependent DNA helicase	WP_002517954.1	['GO:0003677', 'GO:0004386', 'GO:0004519', 'GO:0005524', 'GO:0016887']	cds-WP_002517954.1	-1.0	1437699.0	1440917.0	2523.0	841.0	GAT GAA GAG GAC 	D E E D 	A	AC	D841E,	N	A	A	A	C	ATGACGAGCTTGATTGGTAACGCCCCGGTTGATGGCGTCGACGTGGCAGCGCTGCTAGGCATCCCCATTTCCGCCGAGCAGGAGCGAGCAGTTCAGGCGCCACTCAAACCCTGTGCGGTGATAGCTGGAGCAGGCACGGGTAAGACGACGGTGATGGCCGCTCGCGTGGTGTGGTTGGTTGCCAGCAGACTGGTAAGCCCGGAGGAAATCCTCGGGTTGACATTTACCAACAAGGCGACTGCGGAATTATCCGAGCGCATTGAATCCAACCTCACTCGGGTGGGCCTGTTGACGTCAGAGCAGCCCCGTCCGACAGTGGCGACCTATGACAGTTTTGCGGGGACACTGGTAAACGATTACGGAGCCTGGGACGGTATTAGCACGGGGGCACATCTCATAACTGGTGCCAGGGCTTACCAGCTCGCGGCGGAGGTCGTCATGGGACTTGACAAGGCTCCGCTGGCCGCTACCCATATGGGGCCAACGTTCATAGCCCAAGCTGTAGTGAAACTGGCTGGAGCCATGGCCTCACACGATGCGAGTCCGGGCAAGGTCAGGAGAGCTGATGCCCGGTGGCGCCAGATGCTCCTTGCCGCTCCGACAAAAAGGGGAGGGGATAGATACGCTGATATCGATAAATGGCTCTCGCGAGTCGATGAACGCGAAGAACTCCTTGATCTTGTTGCCGCCTATCAGAATCTCAAGAAAGAACGCGGATTGGTCGAGTTTGGCGACCGTATGGTTCAAGCCCTCCACCTAGTAACTCATCACCCGCGAGTGGGGGAGGAACTGAGAGCCAGATACCGTGTTGTTCTCCTCGACGAGTATCAAGATACATCGTCGGCCCAGGCTGATGTGCTTGCTGCCCTATTTTCGGGTCCGGACTCAGCTCATGGCATGGGCCACCCAGTGATGGCTGTCGGCGATCCGCTTCAGGCCATTTACGAATGGCGTGGCGCGGCCGCCAGTAACATCTTAGAATTTCACCGGCGCTTTCCGAATAAGGAAGGGACGCCAGCCCAGGTGCTCTCTCTCGCAACCAACCGCAGATGCGCCGATCAGATTATCAATGCGGCGAACGTAGCGTCAGAAGAGTTGCGACAAACGCTGTCGTCAGCGGTGGAGTCTGGCGATCATGACCCTGCTGACGATCGGGCTGAGGTGGCAGTTGGGCAGCCGCTTGTCGCGCCCGAGGGGAATCGACGTGGCGAGGTCACGGTGGCCGCATATCCTGACTGGGTTAAGGAATGTCAGGCGTGCGCCGATATCTTGGTGGAAGCCAAGGAACGTGGCACCATCGCACGCTGGTCTGATGCCGCAATCCTTGTTCGACGTAATTCAGACGTGGCCGACCTCTACGACTCCCTTACTGCTCGTGATGTCCCGGTGCGATTTGCGAACTTGTCTGGATTGCTTCGACTCCCGGACATTGCCATGGTGGTCGCTCATCTTCGGGTGTTGGTGGATCGTCAGGATGATGCGGCGATGGCGACTCTACTTGCCGCACCACGTCTTGGACTCAGTACGGATGATCTGGCGATGGTGTATCGGCGCGCCCGCGCTCTGGCGAAAGCTCGGGCCAAGGACGATGGGCTAGACCTCGATGATGTCGAGATCCACCTCTCTGACGCTGTGATGGAAGGACGACCCGGTGGTCATGAACGACTGCAGTGTGCCCTGAAACGGGTATGTGCCGAGATCGTCGAGGTTGACGCGCACCGGGCGGATAGCCCCGATGACTTGGTTCTGCGCATTGAGGCCATTACAGGACTCGTCGACGATATGGCTGCTGACGACCCGCACCGGAGTGCAGCACGGCGAGATCACCTGGATGCGCTGTGGAATGCGATACGTGAGGCTCGTCGCAGCGATCCCACTATGACGATCGCAGGAATCGTCACTTGGTTGGCGGCTGAAGAAGATGTTGGCGACGGGCTTCCCCGAGCCGCTACCGACGATCGCGACGCTGTAACGGTGTCGACAGTTCATGGAGCCAAAGGCCTGGAATGGCCGTTAGTCATCATCCCCGACATGGCTCAAGGTGTATTTCCGTCAACGTCGACTCCAGACAACTTCACCTCGGAGGCTGCTGTCCTGCCTTCCTTCGCTAGAGGAGATGCCAGCGACATTAGCCATCCACTATCGGGAAGTGTCGTCGATACTAAAGCGTACGTAGCGGCGCTCAAGGAGGATTCACAGTGGGCGGAGGCTCGACTCGCCTATGTGGCCCTTACCCGTGCCAAAGAACGATTGGTGGTGTCGTGGCATCAATGGCGCCCACGCCGCAAGGGTAGTTTAGGGCCAGGTCGATATGCAGACCTTCTCGCCGACATGCTTGGAACGGTGTGGCCGGACTTTGGTGAGCGTCCTGACGACGATATCCAGGCTGGCACGCCCTGGCCTGTGTTCGCTAAGGATGTGGGTCACGGCCTCATCGACAACACATCCCGGTCCGTTGATGATCCTGGACAGGCTGATCGGGTGAAGGCGTGGCGGACTGACGCTGATACTCTGCTCAAAGATGCGAGACGACACATCGATCTGCAGGATGAGGTGGCGCTTCCACCGCGCCTGACTACCTCGCAGATCGTGAGGCTCCACGCCAATCCGCAGGCGTTCCGGGACGATTTGCGCCGCCCAATGCCTCGACCAGCTGACAGAGGAGCTGGAATTGGTACAGCATTCCATGAGTGGGTGAGCCAACGGCTCGCGCCTGCAGAACCGATCCCGCTGTTTGATGCCGAGGAAATTGCGGAGCTTGACGAGGAGAGCATTACACAGGAGGCTGTCGCAGTTGAGCCTAGTGGTGCCGAGAACCGTGCGCTGCGGAGCCTTTGCCAAGCCTTTGAAGAGAGTCGCTGGGCGGGCGCCACTGTACTGGCAGTAGAGAAATCCTTTGTTATGACGATCGGTCAGACGGTCGTGCGTGGTCGTCTTGACGCCGTTGTCGCTGATCCGGATCACCCCGGAGATGAGCTCGTCATTGATTGGAAGACCTCACCACCACGCTCAGCAGACCCGCTCCAGCTATCCATCTACCGGTTGGCGTGGGCGCAGGCGAGGGGGATTGATCCGTCGAGGGTGCGGGCGGTGTTCCATCATGTTGGCGCAAATGAGACTATTAGCGCCGAACCTCTCTTAGATGCGGACCAGGTAGCAGCTATTTTGACGGCATCGTCTTCCGGGAACAGGCCGACGAAGAATGCGTCTGACGCGTGA	MTSLIGNAPVDGVDVAALLGIPISAEQERAVQAPLKPCAVIAGAGTGKTTVMAARVVWLVASRLVSPEEILGLTFTNKATAELSERIESNLTRVGLLTSEQPRPTVATYDSFAGTLVNDYGAWDGISTGAHLITGARAYQLAAEVVMGLDKAPLAATHMGPTFIAQAVVKLAGAMASHDASPGKVRRADARWRQMLLAAPTKRGGDRYADIDKWLSRVDEREELLDLVAAYQNLKKERGLVEFGDRMVQALHLVTHHPRVGEELRARYRVVLLDEYQDTSSAQADVLAALFSGPDSAHGMGHPVMAVGDPLQAIYEWRGAAASNILEFHRRFPNKEGTPAQVLSLATNRRCADQIINAANVASEELRQTLSSAVESGDHDPADDRAEVAVGQPLVAPEGNRRGEVTVAAYPDWVKECQACADILVEAKERGTIARWSDAAILVRRNSDVADLYDSLTARDVPVRFANLSGLLRLPDIAMVVAHLRVLVDRQDDAAMATLLAAPRLGLSTDDLAMVYRRARALAKARAKDDGLDLDDVEIHLSDAVMEGRPGGHERLQCALKRVCAEIVEVDAHRADSPDDLVLRIEAITGLVDDMAADDPHRSAARRDHLDALWNAIREARRSDPTMTIAGIVTWLAAEEDVGDGLPRAATDDRDAVTVSTVHGAKGLEWPLVIIPDMAQGVFPSTSTPDNFTSEAAVLPSFARGDASDISHPLSGSVVDTKAYVAALKEDSQWAEARLAYVALTRAKERLVVSWHQWRPRRKGSLGPGRYADLLADMLGTVWPDFGERPDDDIQAGTPWPVFAKDVGHGLIDNTSRSVDDPGQADRVKAWRTDADTLLKDARRHIDLQDEVALPPRLTTSQIVRLHANPQAFRDDLRRPMPRPADRGAGIGTAFHEWVSQRLAPAEPIPLFDAEEIAELDEESITQEAVAVEPSGAENRALRSLCQAFEESRWAGATVLAVEKSFVMTIGQTVVRGRLDAVVADPDHPGDELVIDWKTSPPRSADPLQLSIYRLAWAQARGIDPSRVRAVFHHVGANETISAEPLLDADQVAAILTASSSGNRPTKNASDA*
1492820	1	1	1	1.0	0	0	0	0	0	0	0	0	0	0.000000	0	1	1492820	0.0	1519.0	75.0	PAC1_RS14085	.	.	pseudogene-PAC1_RS14085	-1.0	1492645.0	1493376.0	557.0	186.0			A	AT	.	U	A	T	A	A	CTGACCATTGCCACCGAGGACCACAACATCCCTACCGTCGGCAGTATCGAGCCAATTGTTGACCCGGTCTCGCGCGCTCAGGTCGAGGCGTTGCGAGCCAACGCACCTGAGTTCGGTGTGCCGCCTTTAGGGGACGCCGATCAGGGGGTCGTGCACATCATCGGTCCCCAACTGGGTCTCACCCAGCCGGGGATGACTGTCGTCTGTGGTGACTCCCACACCTCTACACACGGCGCCTTCGGGGCCTTAGCCTTCGGTATCGGTACCAGCGAGGTTGAGCATGTGTTGGCTACCTAGACCCTCCCGCAGGTTCGTCCCACAACGATGGCCGTCATGGTGGATGGGGAAGTGCCTGAGGAGGTCACACCTAAGGACCTCATCCTGGCCCTCATCTCCGAGATCGGCACCGGTGGGGGACAAGGTCATATGGTCGAGTATCGCGGCGAGGCCATCGAGAAGATGTCGATGGAGGGTCGCATGACGATCTGCAATATGTCGATTGAGTGGGGAGCTCGCGTCGGCATGGTTGCTTCTGATGAGACCACCTTCACCTACCTCAAGGATCGTCCGCACGCTCCGCGTGGTGCACAGTGGGACAAGGCTGTCGCGTACTGGCGCACTCTGCGTACTGACGACGATGCGACCTTTGACGCTGAGATCCATGTGGACGCCTCGAATCTCGCCCCCCTTCGTTACCTGGGGTACCAACCCGGGGCAGGGACTCCCCCCTAG	.
1587411	1	1	1	1.0	0	0	0	0	0	0	0	0	0	0.000000	0	1	1587411	0.5	1631.5	63.0	nan	nan	nan	nan	nan	nan	nan	nan	nan			C	CG	.	P	C	G	C	C
1591527	1	1	1	1.0	0	0	0	0	0	0	0	0	0	0.000000	0	1	1591527	1670.0	1636.0	84.0	ABC transporter ATP-binding protein	WP_002516872.1	['GO:0005524', 'GO:0016887', 'GO:0042626', 'GO:0140359']	cds-WP_002516872.1	1.0	1590599.0	1591630.0	929.0	310.0	CAC CTC CCC CGC 	H L P R 	C	CT	P310L,	N	C	C	C	T	ATGACCGGCGCCCACGTCGACGACCGCACCGCGGTCCTTGAGGCACGCAACGTCAGTCTGGATTTCGACGGCACGGATTCGTCAGGATCCAAGGTGACGATCCACGCCCTCGACCGCGTCAACCTGACCATTCACCGCGGCGAGATCACTGCCCTCGTCGGTGAGTCGGGTTCCGGCAAAACGTCGATCGCCCGTCTTTTCGCCCTGATCTACAAGCCCACGAGCGGCGAGCTCTACCGTAACGGCGAGTTGGTGCACGTGCACGGCAAGCGTGCCGAACGTGCCTACTATCGAGATGTCCAGCTCATCTACCAGGACCCTTTCGCATCCCTCAACGGGCTGAAGAAGATCTCGACAATCCTGGGCCGGGTCTTCAAGATCCACTACCCGAAGATGCGTCGCAAGGAAATTGCTCAGCGGATTGACGACGTCTTAACAAAGGTCAACATGACACCGCCGTCGCGCTACCTCAACCGCTACCCCACTGACCTTTCGGGTGGTCAGCGTCAGCGCATCGCCATCGCCCGAGCTCTGGCGGTCAGCCCGCAGGTTTTGCTGGCCGACGAACCAACATCGATGCTCGACGCCTCCATCCGTCTGGACGTTCTCAACCTGCTGTCGGATCTGCGTGAGACCGAAGGAGTGTCGGTCCTCTACATCACCCATGACATCGCATCCGCGCGCTACATCTGTGACCGCATCAACGTCATGTACGGCGGTCGCATCGTCGAAGCTGGCCCGACTAAGCAGATCATCAGCGACACCATTCACCCCTATACCCGCCTCCTCTTGTCCGCCGCGCCCGATCCGGCTCGGTACAAGGGATCGGCCAACAGCACCGCGATCGATATTCTCGAAGGCGCCCCCATGAATAACTCCGTGAGGGTTAAAGGATGTCGTTTCGCACCATTATGTCCGTTGGCACAACCCCGTTGCACCGAGGAGGAGTTGCCTAAGTTCCACAGCGAGGACGGCACTCGGGAAGTCACATGCTGGGAGGCGGAAGAACGGAGGGAATTCCATCGAGTATGA	MTGAHVDDRTAVLEARNVSLDFDGTDSSGSKVTIHALDRVNLTIHRGEITALVGESGSGKTSIARLFALIYKPTSGELYRNGELVHVHGKRAERAYYRDVQLIYQDPFASLNGLKKISTILGRVFKIHYPKMRRKEIAQRIDDVLTKVNMTPPSRYLNRYPTDLSGGQRQRIAIARALAVSPQVLLADEPTSMLDASIRLDVLNLLSDLRETEGVSVLYITHDIASARYICDRINVMYGGRIVEAGPTKQIISDTIHPYTRLLLSAAPDPARYKGSANSTAIDILEGAPMNNSVRVKGCRFAPLCPLAQPRCTEEELPKFHSEDGTREVTCWEAEERREFHRV*
1652537	1	1	1	1.0	0	0	0	0	0	0	0	0	0	0.000000	0	1	1652537	1726.0	1692.0	84.0	NADP-specific glutamate dehydrogenase	WP_015011651.1	['GO:0006520', 'GO:0016639']	cds-WP_015011651.1	-1.0	1651307.0	1652644.0	108.0	36.0	GTT GTA GTG GTC 	V V V V 	C	CG	.	S	C	G	C	C	ATGGATAGGCAACTCGAAAACGCGTACGAATCGGTGTTGCGTCGCAACCCAGGGGAGGCCGAGTTCCACCAGGCTGTGCGGGAGATCTTTGAATCTCTCGGCCCGGTGCTCGACACGAATCCGCAGTACGTGGAGGCAGCCGTGTTGTCGCGCATCTGCGAACCGGAACGCCAGATCATTTTCCGGGTGCCGTGGGTTGACGACGAGGGCAAGATCCGTATCAACCGTGGCTTCCGCGTTGAATATTCGTCGGTGCTGGGGCCGTATAAGGGTGGATTGCGATTCCACCCCTCGGTGTACTTAGGAACGATTAAGTTCCTTGGTTTTGAGCAGATCTTCAAAAATGCTCTGACTGGCATGCCGATCGGTGGCGCGAAGGGTGGGTCGGACTTTGATCCCCATGACGCGTCCGAGGCTGAGGTCATGCGATTCTGCCAGTCCTTCATGACCGAGCTCTACCGTCACCTTGGTGAACACAGCGACGTGCCAGCTGGTGATATCGGCGTTGGCAGTCGTGAGATCGGATTCCTCTTCGGCCAATACAAGCGCATTACTAACCGTCATGAGTCCGGTGTGCTCACCGGTAAAGGACTCACCTGGGGTGGATCCTTGGTGCGCACTGAAGCTACCGGATATGGCACAGTCTTCTTCGTCCAACGAATGCTGGCGACCAACGGCAAGTCTTTAGACGGCCTGCGAGTTACCGTCTCCGGGTCGGGCAACGTCGCGATCTACGCCATCGAGAAGGCTCAGGATCTCGGAGCCACCGTGGTTGCGTGCTCAGATTCCAGCGGTTACGTCGTTGACGAGAAAGGTATCGACGTCGCCCTGCTTAAGCAGATCAAGGAGGTGGAACGGGCCCGCATCTGCGAGTATGCCGCTCGACGCGACTCGGCTACTTTCCACTCCGACGGATCGATCTGGGATGTGCCGGTCGACGTCGCCTTGCCCTGTGCCACTCAGAACGAGCTCAATGGTCAGGCTGCCGCCACCCTCATCCGCAACGGTGTGGTCGCTGTCGCTGAAGGTGCCAACATGCCCTGCACTCCTGAGGCGGTGCATTCCTTCCAGGACGCCGGCGTCATTTTCGCCCCGGGTAAGGCATCTAATGCGGGTGGCGTCGCTACTTCGGCCCTCGAGATGCAACAGAATGCCGCGCGCGACTCCTGGGATTTCGACGCGACCGAAGCTAGACTGCAGCAGATTATGGCCGACATCCACGATCGTTGCATCGAGACCGCCGACGAGTATGGCCACCCGGGGGATTACGTTATGGGTGCCAACATCGCCGGGTTCACCAAGGTGGCTGACGCCGTTATCGCGATGGGTGTCGTCTGA	MDRQLENAYESVLRRNPGEAEFHQAVREIFESLGPVLDTNPQYVEAAVLSRICEPERQIIFRVPWVDDEGKIRINRGFRVEYSSVLGPYKGGLRFHPSVYLGTIKFLGFEQIFKNALTGMPIGGAKGGSDFDPHDASEAEVMRFCQSFMTELYRHLGEHSDVPAGDIGVGSREIGFLFGQYKRITNRHESGVLTGKGLTWGGSLVRTEATGYGTVFFVQRMLATNGKSLDGLRVTVSGSGNVAIYAIEKAQDLGATVVACSDSSGYVVDEKGIDVALLKQIKEVERARICEYAARRDSATFHSDGSIWDVPVDVALPCATQNELNGQAAATLIRNGVVAVAEGANMPCTPEAVHSFQDAGVIFAPGKASNAGGVATSALEMQQNAARDSWDFDATEARLQQIMADIHDRCIETADEYGHPGDYVMGANIAGFTKVADAVIAMGVV*
1708419	1	1	1	1.0	0	0	0	0	0	0	0	0	0	0.000000	0	1	1708419	0.0	1749.0	78.0	PAC1_RS08115	.	.	pseudogene-PAC1_RS08115	1.0	1706370.0	1710279.0	2050.0	684.0			A	AT	.	U	A	A	T	A	ATGCTGGCACTGATCGCGCCGATGACCCCTGCACATGCCGAGACCCGGTACCGCCAGATCAACCAGGCGGCAATCACCGCAGTTGCCGCTGATTCGGCTACCGCCACCGATCCGATCTCCAACACCCTGGACGGCAATCCCGACACGATCTGGCACACCAAGTGGCAGAACGGAAAGGACCCACTACCTCACTGGATCGTATTCAAACTGGGTGACGAGGCCGTGAACCTGGGCAAGGTGGAAATCACGCCCAGATCCAGCTCGAACGGCTCGGGTCGCATGCACGACTACGAGCTGTACACGGCTGACACCAAGACCTGTAACAACGCCGCATTCTCCTCGGCGAAGCCGGTTGCAGCGGGTTCTTACGGTGTCTCCAACACGTCGATACGCAAGATCACCTTCGCTGCTACCAAGGCCACCTGCGTCAAGGTGAAGGTGAATTCCTCTTGGGGAGGCGACGGATCGGACGAGGAAGTTTCCTCGATGGCGGAGTTCAATGCCTTCACCGTCGACGGATCAGACCCCTCCCCGGACCCCACACCATCGGAACCCCCGACCCCAGAGGTTCCGAAAGACGCCATCAGCCTGTCCGACGGCACTGTGACGGTGAGAGCCCGTCGTGACTTCCCGCAAGTGATCGACTACACCGTCGGCCACGCACACATGGCAGGACGTATCGGCTCCCCATTGACGAAGGTCAGGATCAACGGCACCGACCACGTCGCCACTGTATCTGCGCCCACGACGACGGGCTCCTCCGCGTCCTGGAAGCTCACCTTCCGCGACCTGCCCGGCGTCGAGCTCACTGCAAACATCAAGGTCTCCGATGGTGTCATGACATGGTCGATCTCACACATCGTCGACACCCCTGACCGCCGTGTCAACATCGTGTCAGTGCCCGGCCTCACTCTCGCCTCGGTCACCTCGACTGATCCGAAAGCCCAGCTGAGCAGCGCAAACATTGTCGTCGATCGCAACAAGACCGGCGACCTCTTCCAGCCCCTCGCCACCGCTGACGTCTCGCAGGACACCTCCTGGGTCGCCATGGCGAACGATTCCACGCTGGCAGCCGGGTTCGAGGACAACGCAACCCAGGACGGCCTGGTCGGCTCCGCCGCCACGGTTGCCCGTTTCGTCCACTCCATCTCCCAGGTTGGGGGGACTAAGGTCGGAGCCATCGAACCGGCAACCTGGGTCCATCGTGGCAAGGGGTCCGCCACCCCCTGCCCCACCGACTCGCTCGGCAACAAGGCCGTATGCCAGCTGCCCGGTGGTGCCACTGTCAAGGACGGCATCGGCCCAGACCCCGACACCCCGTACGTCCGGGTGAAGATCGTCGCTGACGCCAATGCCGACGGCAAGGTCGACTGGCAGGACGCAGCCGTCGCCACCCGGGACGTCACCATGAAGCCGACCGGCTCGGGGGACGTGGCGAACAAGGTCATCACCCATATTCCGTTTAACATCGTCTCCCAGGCGACTCATCCGTTCCTTCGTACCTTGGACGATGTCAAGCGCATCTCTTTGGCGACCGACGGGCTCGGCCAGCAGGCCCTGCTCAAGGGCTACCAGGCCGAGGGCCACGACTCCGCACACCCCGACTACGGCGGCAACGTCTCCCACCGTGCCGGCGGGATGAAGGATCTCGAGAAGCTCACCGAGTCGGGCAGGCAGTGGAACACCGATTTCGGCATTCACGTCAACCTGGTGGAGTCTTACCCTGAGGCGAATCACTTCGGCGACAACATCCTCGTTAAGCCGTACCAGAAGGCGTGGGACTGGATGGAGCAGTCCTACCGGATGGACTACGCCAAGGACCTTGGGTCTGGTCAGCTCTTCGCTCGACTCAACCAGCTGAGGAAGGAGTTGGGAGCCAAGTCCAACCTCGACTGGTTGTACTTCGACACCAACTACCCTGCTGGTTGGCAGAACGACCGGATCGCCAACGCTCTGAACGCCGAAGGCTGGAGGATCGGTTCCGAATGGTCGTCAACCTATCCGCGCTATAACCAGTGGTCGCACTGGGCCAATGACGAGAACTACGGAACCGGAAACAAGGGATACAGTTCCCGGATCATTCGGTTCATCGACAACTCCCGCCGCGACACTTGGAATCCTGATCCGATCCTCGGCAACTCCAATGTCGTTGAGTATGAGGGTTGGACGAGCCACAACGACTACAACGCGTTCATCGCGAATGTGTGGCAGCGCAACCTGCCTACCAAGTTCTTACAGCGTTCGGACATCATGTCTTGGCAAGACGGCCGTATCGCTTTCGCTAACGGAGCCGTGGCAACTTCGTCGAAGAAGTCCATCTCGGGTCATGAGATTCCCACCGCAAGAACCATCACCTTTGACGGTGCCACGGTCTTCAAGGAAGGCGGGTCCTACCTGCTCCCATGGTCTAACGGTGGCAGCGATCGCCTGTACTACTGGAATCCGGGCAATGGCTCAGCAACTTGGAAACTCACGAATTCCTGGGCGGCACAGAAATCGGTATCTCTGTTCATGCTCACCGGCACCGGCCGTGTCAAGGTTGCCGAAATCCCCGTCACCAACGGGTCCATCAGGATTCCCGCAACCAAGGCCAAGACTGCCTACGTCCTCTACCCGACGTCTAAGGTGCCTGCTGCAAAAACCCCGAACTGGGGAGAGGGAAGTCACTTCGCCAATCCGGGCTTCTACTCCGGTGACACCGCTGGTTGGAATGCCCGGGGAAACGTCTCGGTCAAGCACAACGACCGTGGCAACTTCCACCTCGAGTTCGGCAAGGCACAGTCGCAGATCTCCCAAGTCCTCAATCTGCCTGCTGGTGACCACTCCCTGTGGGCGTGGGTCCAGATAGATCCGACTAAGACCCGTCCAGTGGGACTTGCCGTCGACGGCACCGGGGTCACTCCCATCGACCATCAGAAGGGATGCGGGGGCCACGCGGAATCCGTCATCACGTCCACGACAGCCATCAACGCCACCGCTTCCGACGAGTATTTCGGCACCTACCACCAGCGGCTGCGAGTTGCTTTCCACTCTGACGGCAGACCAGTCACCGTTACCTTGAAGGCGCTCGCCGGGAATGTTATCGTCAGCGCCGATGACTTCCGAGTCGTTGACGCTGCTGTGCCCAGCGACCCTCACGTCACGCCTGCGACCGTTCTTTTCCAGAACTTCGAGGACGTCGACACCGGTTACTGGCCCTTCGTCACGGGAAGCGCAGGCATGGAGGGAGATGCCCGGACCCAGTTATCCCGTCGCCATGAGCCTTACACCCAGAAAGGTTGGAACGGTCGGGCCATGGACTCGGTTCTCAGCGGTGACTGGTCCTTGAAGATGCACGAAGAACGCAACGGGATCGTGCTGCGCACGACCACCGCGTCCGCCCCTCTGACCGGGGGCGGAACCCGGTACCGCATCTCCTTCGACTACCCGGCTGACAAACCCGGGTACTCGTTCGTCACAGGTCACGACAAGGTCAGCGGAAAGTCCGTCAAGGAAGTCATCACCGAGTCCCATGCCATGGGAGTCGCCACCTCGACGACTCATTTCTCCACCGACATCGTTGTGAAGGACCAACCTGCCTGGATCGGATTCACCCACCAGGGTGAAGGGGATATGTCCATCGACAACCTGCGCATCGAAAAGCTCGATCCACGACCGGTCTCCGTCACCTCCACGCAGGCAGCGGTGTTCCCGGATGCCTGCAAGCCGACCCCCGAACCGATCCAACCGGCGCAACCCTCGGCTTCCGCTCCGGCGACATCCGGCTCCCCCCCAAGCCCCTGGAACCGGTAACCGCCCCAACCGTTATGCCTTGCCTCGTACCGGAGCAGACGGCGCCGGGCTCGGCTTCAGCAGTTCCGAGGCGGCATCGGCAACAGCTGCTGTGGGTGTCTCCCGTCAAGGCCGATGA	.
1877852	1	1	1	0.99996746	0	0	0	0	0	0	0	0	0	0.000000	0	1	1877852	0.5	1920.5	90.0	nan	nan	nan	nan	nan	nan	nan	nan	nan			T	AT	.	P	A	T	T	T
1920698	1	1	1	1.0	0	0	0	0	0	0	0	0	0	0.000000	0	1	1920698	1986.0	1964.0	78.0	tRNA (adenosine(37)-N6)-threonylcarbamoyltransferase complex dimerization subunit type 1 TsaB	WP_002516067.1	['GO:0006400', 'GO:0003725']	cds-WP_002516067.1	-1.0	1920575.0	1921234.0	537.0	179.0	TCT TCA TCG TCC 	S S S S 	C	CG	.	S	C	C	G	C	ATGAACACCATCGTCTTGGGAATCGACACGTCGACGGCTGTCAGCGTCGGTTTGGCACGTGGATCTGAGGTGCTCGTCAGCCTGCACTACGACGATCCTCGTGCCCATGCTGAGCAGCTCATGCCCCTCATCCATCGCGGCTGTGAGGAGGCCGGGATTGCTTTAACCGACATCGCAGAGGTCGCTATTGGGGTCGGCCCTGGCCCCTACACCGGCCTGCGGGTTGGGGTGGCAACAGGAAGGGTACTGGCACACCTGGCCGGTCTTACCCCGCACCCGGTATGTTCCCTCGACATCCTGGCCCGGCAGTGGGCTGGGGTCGATGGGGAGTTCGTGGTATGTACTGACGCTCGTCGCCATGAGCTGTATTGGGCTCGCTACGACGCTTCCGGGCATCGTCTCGACGGCCCCAATGTCACTCGCCCTGAGGACCTGCCGAAGGATCTGCCCATCGGTGGTCCGGGATGTCTGGTTCGCGGTCTGACGCCGACCCCGGGATCGCCTGAGCATCTGGACGCCGGGGTGCTTGCGGCGTCGTGGCAGGCTATGCCTGACGTCGGGCTGGAGCCGCTCTACTTGCGCGATCCTGATGCCACCGTTCCGACGGCGCGTAAGGCCACCTTGACCCCGACCCGCCTCACCCTGCCCGGCCTCAGGTGA	MNTIVLGIDTSTAVSVGLARGSEVLVSLHYDDPRAHAEQLMPLIHRGCEEAGIALTDIAEVAIGVGPGPYTGLRVGVATGRVLAHLAGLTPHPVCSLDILARQWAGVDGEFVVCTDARRHELYWARYDASGHRLDGPNVTRPEDLPKDLPIGGPGCLVRGLTPTPGSPEHLDAGVLAASWQAMPDVGLEPLYLRDPDATVPTARKATLTPTRLTLPGLR*
2120824	1	1	1	1.0	0	0	0	0	0	0	0	0	0	0.000000	0	1	2120824	2188.0	2171.0	84.0	MFS transporter	WP_041446319.1	['GO:0055085', 'GO:0022857']	cds-WP_041446319.1	1.0	2120450.0	2121748.0	375.0	125.0	CAA CAT CAC CAG 	Q H H Q 	G	GT	Q125H,	N	G	G	T	G	ATGACATGGGTTGTGTGGATCACAGCCGTGATCGCGTACGGGTTTGCGGTCATGCAGCGAACCTCTCTCGGCGTCATGGGGTTAACGGCAGCCGCCCATTTCAACGCCCCCGCCTCCGTCGTCGCCACCTTCATGGTGTTGCAGCTAGCGGTCTACGCGGTGCTCCAGATTCCAGCCGGTATTACCGTCGACCGACTGGGATCAAGGGTCGTCATTACCGCTGGGTCGATCGTCATGACTGTCGGTCAGGTCGTCATGGCACTCACCGGAAGCGTCGGCGGAGCAGTGCTGGCTCGCGTCCTGGTCGGATGCGGCGACGCCTTCATTTTTGGTGCCGCGATACGACTAGTGCCGGCTTGGTTCCCTCCCAAACAGACCCCTCTGGTAACCCAACTCACGGGTTTGCTAGGCCAGTTCGGACAGGTCGTCTCAGCTGTTGGCCTCGTGGCCATGGTCAACAGCAGCGGGTGGCGTTCCACCTATCTCCTGGCGGCCGGTGGTGCTGCGGTAGCGGCTGCGTTGGCATTCCTCCTCATTCGTGACGCCCCGCCCGGAGTGGAGCCGGAACGTACCGATGGCAACGTCAAACAACTCCCCCACCAGGTCGCTGAGGTCATCAGTCACCCCTCGACGCGACTGGCTTTTTGGGCACACATGTCGTCGAATTTCGCCGGAATCGTATTTTCGCTGATGTGGGGTATGCCCTACCTCACCCACGCTGAGGGACGCTCAACGGCCACCGCCTCGACACTTATGACGGTTTATGTCATCGCCAATGCCATCGCCGGACCAACGGCGGGCATCTTGACCAGTCGGCACCCCATTCGTCGTGGCACCCTCATCGAGGCCATGATCGCTGCCTACGCGGTGGCGTGGCTGATCGTCCTGGTGTGGCCAGGGCCTGCTCCGTTGTGGATGCTTTTCCTCCTCGTCATCTGCCTGGGCATCTCTCTGCCTGGCGGAAACGTCGGCTTCGATGTGGCCCGCACTTTTCAGCCAGGCAACCGGTTGGCCACCGCGACCGGTGTAGCGATTACGGGCGGCTTCTTCTTCGGTCTTTTGGAGATCGAGATTATTGGCCTACTACTCGATATGCTGTGCCCTGGCGGTCGTTACACCCTCAGCGGGTTCCGCTGGGCGATGTCGACCCAACTCGTCCTCTTTGCCATCGGGTTGGCTGGGTTAGAGGTCAACCAGCGTCGGCTCTACCAGATCATGGCTGACAACGGCGTCACCGTGCCTACCTGGCGTGAGGCCTTGGCACGGCAGTGGCGGGTCGTCAAACAGCGTCGCCGTTAA	MTWVVWITAVIAYGFAVMQRTSLGVMGLTAAAHFNAPASVVATFMVLQLAVYAVLQIPAGITVDRLGSRVVITAGSIVMTVGQVVMALTGSVGGAVLARVLVGCGDAFIFGAAIRLVPAWFPPKQTPLVTQLTGLLGQFGQVVSAVGLVAMVNSSGWRSTYLLAAGGAAVAAALAFLLIRDAPPGVEPERTDGNVKQLPHQVAEVISHPSTRLAFWAHMSSNFAGIVFSLMWGMPYLTHAEGRSTATASTLMTVYVIANAIAGPTAGILTSRHPIRRGTLIEAMIAAYAVAWLIVLVWPGPAPLWMLFLLVICLGISLPGGNVGFDVARTFQPGNRLATATGVAITGGFFFGLLEIEIIGLLLDMLCPGGRYTLSGFRWAMSTQLVLFAIGLAGLEVNQRRLYQIMADNGVTVPTWREALARQWRVVKQRRR*
2176902	1	1	1	1.0	0	0	0	0	0	0	0	0	0	0.000000	0	1	2176902	2237.0	2221.0	96.0	ABC transporter ATP-binding protein	WP_002516354.1	['GO:0005524', 'GO:0016887', 'GO:0042626', 'GO:0140359']	cds-WP_002516354.1	1.0	2176681.0	2177415.0	222.0	74.0	CCA CCT CCC CCG 	P P P P 	T	AT	.	S	T	T	T	A	ATGTCTGCCTCAGTGACGGCCGCAACCACCATGACGTCTCGCACGGCCTCAGCGGTCCGCACTCTCGACCTCACTAAAACATACGGGTCCGGGACGACCCTTGTGAGAGCCCTGCGGTCGGTGACCCTCGACATACCTTCCGGACGGTTCACCGCAATCATGGGAGCGTCAGGTTCGGGCAAGTCGACCCTGCTGCACTGCATCACCGGGCTCGACTCCCCTACTTCGGGCCGGGTGTGGATTGGCGATACCGAGATCACCCATCTCGACGACGACGCCCTCACCAAGCTACGTCGCCAGCACGTCGGGTTCGTGTTTCAATCTTTCAACCTCATGCCCACTCTCAGCGCTGCTGACAACATCACCCTGCCGCTGCGTCTGTCGCACACCAAGGTCGACAAGGAATGGTTTGACCACATCACCGGAATGCTCGGCATTACCGAGCGTCTTGGCCATAAGCCGTCGCAGATGTCTGGCGGACAGCAGCAGCGCGTCGCCGTCGCCCGCGCCCTGGTGACCCGCCCCGACGTCATCGTCGCCGACGAGCCGACCGGCGCCCTCGATTCGGAGGCCAGCGGCGATCTGCTCACCTTCCTGCGTCACTGCGTCGACGATCTTGGTCAGACCGTCGTCATGGTCACCCATGATCACGACGCCGCTGCCAGGGCCGACGACATCGTCACCGTAACCGACGGCCAGGTCTCGACCGCTCGCAGCCAGGAGGCCCTGGCATGA	MSASVTAATTMTSRTASAVRTLDLTKTYGSGTTLVRALRSVTLDIPSGRFTAIMGASGSGKSTLLHCITGLDSPTSGRVWIGDTEITHLDDDALTKLRRQHVGFVFQSFNLMPTLSAADNITLPLRLSHTKVDKEWFDHITGMLGITERLGHKPSQMSGGQQQRVAVARALVTRPDVIVADEPTGALDSEASGDLLTFLRHCVDDLGQTVVMVTHDHDAAARADDIVTVTDGQVSTARSQEALA*
2279219	1	1	1	0.9999944	0	0	0	0	0	0	0	0	0	0.000000	0	1	2279219	2343.0	2333.0	93.0	alpha/beta hydrolase	WP_236886383.1	.	cds-WP_236886383.1	1.0	2278464.0	2279357.0	756.0	252.0	GTA GTT GTC GTG 	V V V V 	C	CT	.	S	T	C	C	C	ATCGTCCACGGCGCAGCTGAACACTCCGGCCGCTATGACTACCTGGCTAAGCGTCTCAACGACGCCGGCTACTCAACCTACCGCTTCGATCACCGCGGGCATGGTCGTAGCGCGCGCCCATACGTCGACAACGCCATCCCACGTGGCCACATCGACGATTGGAGCAACCTCGTCAACGACGTGCACCAGTTCGTGCAAATCGCCCACCAGGAAAACGCCGGCAAAAAGGTGTTCCTCTTCGGGCACTCCATGGGTAGTTTCGCCGTCCAATCCTACGGCGCTAAGTACCCGGGAACCGTTGCCGGCATCGTGAGCAACGGTGGTGGCATTGCCGTCAACCCATGGGGCCGCGACACCGAAGGGCCGGAGAAGGTCACCGCACACGACCTCACCGACGCCGAGAAGAACGCCGCACCCACGATCAGCCAACTCCTGCCGATGGATAAGCTCACCAGCTTTAACGGCATCCTGCTGACCCAAGCGGTGCGCCATCCCAAGGCCATCCACCTGCCCTCGACCGCCGCCGAGGCCTTCATCCAGTTCAAGAACCCGCTGGCGAACGGCGTTTGCACCGACCCGGCCGTCATCGAGGACTACAAGAAGGATCCCCTCAACAACAAGTACATGAGCCTCGGCATGGTCAAGCAGATGGGCGTCGCACAGGTGTACAACACCTTTAACGCTCCATCCTTTAGCGAGCCGACCTTTATCATGCACGGCGCCAACGACGGCATCGTCCCCTCGTACTTCGACGTCAACTGGTACAACGCCATTGGCTCTAAGGACAAGAAGATCATCGAGTGGGAAGGCCTGATGCACGAGACCATCAACGAGCCCGTCAAAGATCAGGTCGACGATACGATCATCAACTGGATTAACGCTCACAACAAGTGA	IVHGAAEHSGRYDYLAKRLNDAGYSTYRFDHRGHGRSARPYVDNAIPRGHIDDWSNLVNDVHQFVQIAHQENAGKKVFLFGHSMGSFAVQSYGAKYPGTVAGIVSNGGGIAVNPWGRDTEGPEKVTAHDLTDAEKNAAPTISQLLPMDKLTSFNGILLTQAVRHPKAIHLPSTAAEAFIQFKNPLANGVCTDPAVIEDYKKDPLNNKYMSLGMVKQMGVAQVYNTFNAPSFSEPTFIMHGANDGIVPSYFDVNWYNAIGSKDKKIIEWEGLMHETINEPVKDQVDDTIINWINAHNK*
2294828	1	1	1	0.9999999	0	0	0	0	0	0	0	0	0	0.000000	0	1	2294828	2357.0	2347.0	81.0	ABC transporter permease	WP_002518178.1	['GO:0055085']	cds-WP_002518178.1	1.0	2294246.0	2295169.0	583.0	195.0	ACG TCG CCG GCG 	T S P A 	T	AT	S195T,	N	T	T	T	A	ATGTCCAGATACATCGTCAGACGCATCCTCCAGATGATTCCGGTGCTCATCGGGACGACGTTCATCATTTTCTGTTTGGTCTTTGCCTTGCCCGGTGACCCTACGGCCGGACGATGCGGTGAACGCCCTTGCCCGCCCTCCTACGTCGCGGCATTCCGGGCCGAATACAACCTCGACAAACCACTACTCGTCCAGTACGGCCTGTACTTGGAGAAACTGTTGCACGGAAACCTCGGCGTCGACTATTACGGCAACACCGTCGTCTCAGAGCTCGGTGCCCGCTACCCCGTGACGATCAAGCTGGCGATCATCGCCCTGCTCGTTGAGATCGTCATTGGCATCCTCGCCGGTGCGTGGGCGGGTGTGCGACGCGGCAAATTCATCGACTATTTCGTCCTGGTGTCCTCGCTCATCGTCATTTCAATCCCGATCTTCGTCATCGGTTCGCTGGCACAGCTTGTCTTCGGTCTGCGGCTGGGCTGGTTCCCAGTGACAGCCGGGGACGGCTCATGGGGAGCACTCGTCCTGCCAGGACTCGTGCTGGGAGCGTTGTCAGTGGCCTACGTGGCCCGTCTGACAAGGTCGAACCTGCTGGAAAACCAGCGAGCCGACTACGTGCGCACCGCCAAGGCTAAGGGCATGTCGCCGTCACGGATCGTGACTGTGCACACCCTGCGCAACTCCCTCATCCCCGTGATCACCTTCATCGGGTATGACTTCGGTGCCCTTATGGGTGGTGCCATCGTCACCGAGCGCATCTTCAACATCAACGGGATCGGCAATTACGTCTACCGGTCGATCAACCAACGCGACGGTGTCTCGGTGGTCGGTGCGGTGACCTGCCTCGTGTTGGTATATCTGCTCGCAAACCTCCTCGTCGACCTGCTGTACGGGGTACTCGACCCGAGGATTAGCCATGACTGA	MSRYIVRRILQMIPVLIGTTFIIFCLVFALPGDPTAGRCGERPCPPSYVAAFRAEYNLDKPLLVQYGLYLEKLLHGNLGVDYYGNTVVSELGARYPVTIKLAIIALLVEIVIGILAGAWAGVRRGKFIDYFVLVSSLIVISIPIFVIGSLAQLVFGLRLGWFPVTAGDGSWGALVLPGLVLGALSVAYVARLTRSNLLENQRADYVRTAKAKGMSPSRIVTVHTLRNSLIPVITFIGYDFGALMGGAIVTERIFNINGIGNYVYRSINQRDGVSVVGAVTCLVLVYLLANLLVDLLYGVLDPRISHD*
2379762	1	1	1	0.9999958	0	0	0	0	0	0	0	0	0	0.000000	0	1	2379762	2456.0	2450.0	93.0	septal ring lytic transglycosylase RlpA family protein	WP_015011798.1	['GO:0016829']	cds-WP_015011798.1	-1.0	2378817.0	2380010.0	249.0	83.0	GTT GTA GTG GTC 	V V V V 	A	AG	.	S	G	A	A	A	ATGTCGAAAGTTGTAGCTTCCGCGATTGCCGGGGCCCTCAGCCTTACCTCGGCTGGCGGCCTGACGATGGTCCAGGCACTTGATCGAGATACCGTGACCTTCTCCGTGGACGGAGTCTCCCAGCAGGCCAAGGTTAAGCCAGGCACGGTCAAGCAAGCTCTCGCCCAGCAGGGGATTACAGTTGGCCCGCACGACGATGTGCAACCCTCGCTGGATTCTGAGATTCACGATGGCCAGGTCATCACCGTTAACTACGGTCGCCGTGTCGTGGTCACTATTGACGGTAAGAAGGTGGTCCGTTGGACCACGGCTAAGAACGTGGCCGAGGTTTTGGCTCAGCTGAACCAGTCAGATCCTGGCAACCTCGTGTCGGTGTCGCGTTCACTGGATATTTCGCGTGCCGGGCTGTCCTTCTCGATGCAGACGGCTAAGGATGTCACGGTCACCATCGGTGGCAAAACTCAGAAGATTACCGCGGTTGGAACCGTTGCTGACGCCCTCAAGGCGGCGAAGGTCGAGGTTGATTCGAGCGATGCCGTTAACCCGGGTCTGGGTACGCCACTGTCCGATGGCATGAAGATTACCCTGACGATGGTTGACCAGAAGTCTCAGAAGCGTCGTGTCGCCGTGCCCTTCTCCACCAAGAAGGTCGAGGACTCCAGCCTGCCCAAGGGCGAGATCAAGGTCATCACTAAGGGTGTCAACGGCATCAACGAGGAAACCTGGACCGTCGTCTTTAAGGACGGCAAGAAGGTGTCCGAGAAGAAGGTTTCCAGCAAGGTCGTCAACGCCCCTGTGACCCAGGTCGTCAAGGTTGGCACTAAGACTGCGTCGTCGAGTTCTCCTTCGACGCGTTCGTCCTCCGCCTCGCACCGTTCGACAGCATCTCAGTCGTCCGATCCGGTGACCAGTGGTACTACCTGTTTGGCATCTACCTACGGTGAGGGTGACGGTACTGCTGGTGGCCCTACTGCTTCCGGTGAGACCTTCGACCCGTCAGCCTTCACTGCTGCGTCGAAGACCCTTCCGCTTGGATCGACTATCCGCGTCACGAACGTCAGCAATGGTCGTACTGTGACTGTGCGCATTAACGATCGCGGTCCTTACGTCGGCGGACGGTGCCTTGATCTTTCAACGGCCGCGATGAACGCTATCGCTCCCGGACAGGGTCTGGTGACCGTCCGCTACAGCTGA	MSKVVASAIAGALSLTSAGGLTMVQALDRDTVTFSVDGVSQQAKVKPGTVKQALAQQGITVGPHDDVQPSLDSEIHDGQVITVNYGRRVVVTIDGKKVVRWTTAKNVAEVLAQLNQSDPGNLVSVSRSLDISRAGLSFSMQTAKDVTVTIGGKTQKITAVGTVADALKAAKVEVDSSDAVNPGLGTPLSDGMKITLTMVDQKSQKRRVAVPFSTKKVEDSSLPKGEIKVITKGVNGINEETWTVVFKDGKKVSEKKVSSKVVNAPVTQVVKVGTKTASSSSPSTRSSSASHRSTASQSSDPVTSGTTCLASTYGEGDGTAGGPTASGETFDPSAFTAASKTLPLGSTIRVTNVSNGRTVTVRINDRGPYVGGRCLDLSTAAMNAIAPGQGLVTVRYS*
2396161	1	1	1	0.9999957	0	0	0	0	0	0	0	0	0	0.000000	0	1	2396161	2470.0	2464.0	93.0	amino acid permease	WP_002516466.1	['GO:0006865', 'GO:0055085', 'GO:0015171', 'GO:0016020']	cds-WP_002516466.1	-1.0	2395700.0	2397106.0	946.0	316.0	TGG AGG GGG CGG 	W R G R 	G	AG	R316W,	N	G	G	A	G	ATGGCAGTAGCGGCCACGGGCATCCCGGCGGAATCCGGCGAACCCGCTATGGACAAACCCCGCATGAAGGGTCGTCACCTGGTGATGATGAGCCTTGGCTCGGCCATCGGAACCGGACTCTTCGTAGGGTCTGGCAAGGGTGTGGCTGCAGCTGGACCAGCAACCTTGGTGGCGTATATCGTCGCCGGGTTACTCGTCATCGCCATCATGTACATGCTCGGCGAGATGGTTGCAGCCCATCCCGACTCCGGGGCGTTTTCGGTCTACACATCCCGAGCCATGGGCTCAGCAGCTGGCTTTGCGATGGGGTGGGTCTGGTGGATCGAACTAGTCGTCGTCGTCGCGGCCGAGGCGATCGCGGCGGCGTCGACCCTTGTTGCTATGTGGCCAATAGCCCCTGTCTGGCTGCTTACCCTCATCTTCCTGGTCGTCCTCACCGCAATCAACCTGCTGGGAGCCGACAGATTCGGAGAGTTCGAGTTCTGGTTTGCCCTGCTTAAAGTGGTCGCCGTCGTCGTCTTCCTTACCATCGGTGTGCTGCTTATTTGCGGAGTCTTGGCGGCTCCCGCGGCGGGAACATCCAACCTCGTCGGCCACGGCGGATTCCTGCCCAATGGGTGGTCTGGGGTGGCGACAGCCCTGCTTTTGGTCGCCTTCAGCTTCGGTGGCATCGAGATCATGGCGGTGGCGGCCGCCGAGACCGAAGACCCTGCCCACAATGTCTCCCGGGCTGTGCGCACCATCGTTTGGCGAATCCTGGTGTTCTACATGGGTTCAGTAGCCATCATGGTTATCGCGGTGCCTTGGGACGACCCCGAACTCGGCGCTTCCCCCTTCGTGGCCGTCCTTAACCGGGCCGGTATCCCAGCAGCCTCCGAGGTCATGACCTTGGTCATTGTGTTGGCCTTGCTGAGTTCCCTCAATGCCAATCTTTATGGGGCTGCCCGGATGCTTGGCTCTTTAGCGGAACGCGGCATGGCCCCTCGCGTCGCCATGCGAACCAGGGGACGCTCGGTGCCGACGGTTGCGGTGCTGGCCAGCGTCGCCTTTGGATTCTGTTGTGTGCTGGCTACTTTCGAATGGGGCGACGCCGTACTCGGTACTCTGCTTAATATCGTCGGTTCAACCATCATCGTTACCTACTTCTTCACCATCTGCTCTCACTACGTGCTGCGTCGCCGCGCTGAGAAGGAGGGCGCCCCGCTGCCGATGCGGTTGAAAGGGTTTCCGGTGGTGAACTGGGCAGCAATGATCCTGCTGATTGGCATCGTTGTACTGGGCATGTTTTCCCCCGACGTACGAGCTCAACTGATGTCAACGGGGGCGCTCGTCGTCATCCTCTATGTCATTGGAGTGGGATGGTCCCATCACGCCGGACGCAGCCCCTTCCATCCCACGACCGACTGA	MAVAATGIPAESGEPAMDKPRMKGRHLVMMSLGSAIGTGLFVGSGKGVAAAGPATLVAYIVAGLLVIAIMYMLGEMVAAHPDSGAFSVYTSRAMGSAAGFAMGWVWWIELVVVVAAEAIAAASTLVAMWPIAPVWLLTLIFLVVLTAINLLGADRFGEFEFWFALLKVVAVVVFLTIGVLLICGVLAAPAAGTSNLVGHGGFLPNGWSGVATALLLVAFSFGGIEIMAVAAAETEDPAHNVSRAVRTIVWRILVFYMGSVAIMVIAVPWDDPELGASPFVAVLNRAGIPAASEVMTLVIVLALLSSLNANLYGAARMLGSLAERGMAPRVAMRTRGRSVPTVAVLASVAFGFCCVLATFEWGDAVLGTLLNIVGSTIIVTYFFTICSHYVLRRRAEKEGAPLPMRLKGFPVVNWAAMILLIGIVVLGMFSPDVRAQLMSTGALVVILYVIGVGWSHHAGRSPFHPTTD*
2398730	1	1	1	1.0	0	0	0	0	0	0	0	0	0	0.000000	0	1	2398730	2471.0	2466.0	84.0	metallophosphoesterase	WP_041446256.1	['GO:0016787']	cds-WP_041446256.1	1.0	2398047.0	2399231.0	684.0	228.0	ACA ACT ACC ACG 	T T T T 	A	AG	.	S	A	A	G	A	ATGACGAGATTTCTCCACACCTCAGATTGGCAACTGGGGATGACTCGGCACTACCTGTCGAAGCGCGGCGACGACGACCCACAGGCACGGTTTACTGCCGATCGAATCGAGACGGTACGCAGGCTAGGCGACGTTGCCCGGCAAGAGGGCTGCGAGTTTGTCGTCGTCGCCGGAGATGTCTTCGAAACCCACAATGTCTCCACTCAGATCATTGCCCGCGCGTGTGAGGCGATAGCCTCCATTGATCTCCCCGTGTACCTGCTGCCCGGAAATCACGACAGCTTAGAGCCGGGGTGTCTCTGGGATGGGCCAGAATTCGCACAGCGCTGCCCGCGCAACGTCCAGGTGCTACGAGACCACGCAGAGACCCAGATCGCTGACGGCAACGGGGTCGTCATCGCTACGATCGTTGCCTCTCCGCTGACGACCCGCCACCCGTCAACTGACCCCCTCGCCGACCTTGTGAAGAACCTGGAGCCCGCCCAGACACCACGCATCCTGGTCGGCCATGGCCAGCTTGAGGGGCTATCGGGGGATGCTCGTGAAGCCCTCATCTCGCGAGCTCCTCTCGAGGACGCGATTGCCCGAGGTGCGCTGAGCTACGTCGCTTTGGGCGATCGTCATATCGCGTGGCCGACCAACGATAACCGCGCCGCCATCCGGTACAGCGGAACCCAGGAGACAACGAGCTTCAACGAGGAGAGCGTCGGCACTGCGGTAATCGTCGACCTCGGTGATCCTCTTACCTGCCAGACGATCAATGTTGGCACGTGGCTGCATGCCCGAGTGAGTCAGGAGGTAGCCAGCGAGGCAGATCTACAGGCTCTGCGCGATAGGTTCGACTCCTTCAACCGCCGAGATCGCACCATCATCCGCTACGACCTTCACGGACAGGTCACTATCTCTCAGAAGGCAAAGCTCGACGAGATCATCGCTGATTATGAAACTGTCTTCGCAAGCCTCGAACCGAGTGAAACCCGCCATGACCTCACCGTGGTGGGAGACGATATCAGCCTGACTGAGGCTGATGTGCCCGGTTGGGTACGAGATGCTGCCGAAGAATTGTCGGACATGTGCGCCACCAATGAAGACGCCGTCGCTGCGCTCACCCTGCTGCACCGTCTCGTCAGCGCTGAAGGAGCCAGTATCGCATCTACTGCACACACTGCGGAGGTGTCACGATGA	MTRFLHTSDWQLGMTRHYLSKRGDDDPQARFTADRIETVRRLGDVARQEGCEFVVVAGDVFETHNVSTQIIARACEAIASIDLPVYLLPGNHDSLEPGCLWDGPEFAQRCPRNVQVLRDHAETQIADGNGVVIATIVASPLTTRHPSTDPLADLVKNLEPAQTPRILVGHGQLEGLSGDAREALISRAPLEDAIARGALSYVALGDRHIAWPTNDNRAAIRYSGTQETTSFNEESVGTAVIVDLGDPLTCQTINVGTWLHARVSQEVASEADLQALRDRFDSFNRRDRTIIRYDLHGQVTISQKAKLDEIIADYETVFASLEPSETRHDLTVVGDDISLTEADVPGWVRDAAEELSDMCATNEDAVAALTLLHRLVSAEGASIASTAHTAEVSR*
